day,NR,ZK,ZK_ND,FK,FK_ND,CK
0.0,0.0,0.0,0.0,0.0,0.0,0.0
0.04296900000190362,0.0018,0.00179,0.0018,0.00179,0.0018,0.0018
0.08203099999809638,0.0036,0.00356,0.00361,0.00356,0.00361,0.00361
0.125,0.0054,0.00532,0.0054199999999999995,0.00532,0.0054199999999999995,0.0054199999999999995
0.16796900000190362,0.0072,0.00707,0.00724,0.00706,0.00724,0.00724
0.20703099999809638,0.009,0.0088,0.00906,0.008790000000000001,0.00906,0.00906
0.25,0.010799999999999999,0.01052,0.01089,0.0105,0.01089,0.01089
0.2929690000019036,0.012599999999999998,0.01222,0.01273,0.0122,0.01272,0.01272
0.3320309999980964,0.014389999999999998,0.01391,0.01457,0.01388,0.01456,0.01456
0.375,0.01618,0.01558,0.01641,0.01555,0.0164,0.0164
0.4179690000019036,0.01797,0.01723,0.018250000000000002,0.0172,0.018240000000000003,0.018240000000000003
0.4570309999980964,0.01976,0.018869999999999998,0.020100000000000003,0.01883,0.020080000000000004,0.020080000000000004
0.5,0.02154,0.020489999999999998,0.021950000000000004,0.02044,0.021920000000000005,0.021920000000000005
0.5429690000019036,0.02332,0.02209,0.023800000000000005,0.02204,0.023760000000000007,0.023760000000000007
0.5820309999980964,0.02509,0.02367,0.025640000000000007,0.023620000000000002,0.025600000000000008,0.025600000000000008
0.625,0.026850000000000002,0.02523,0.027480000000000008,0.02518,0.02744000000000001,0.02744000000000001
0.6679690000019036,0.028600000000000004,0.02676,0.02932000000000001,0.02671,0.02927000000000001,0.02927000000000001
0.7070309999980964,0.030340000000000002,0.02827,0.03115000000000001,0.028220000000000002,0.03110000000000001,0.03110000000000001
0.75,0.03207,0.02976,0.03298000000000001,0.02971,0.03292000000000001,0.03292000000000001
0.7929690000019036,0.03379,0.03123,0.03480000000000001,0.03118,0.03473000000000001,0.03473000000000001
0.8320309999980964,0.035500000000000004,0.03267,0.03661000000000001,0.03263,0.036530000000000014,0.036530000000000014
0.875,2.41256,2.2794,2.55966,2.27665,2.55274,2.53575
0.9179690000019036,5.47925,5.21551,5.822150000000001,5.20089,5.806290000000001,5.753170000000001
0.9570309999980964,7.3757600000000005,7.03774,7.845280000000001,7.0114,7.82348,7.736790000000001
1.0,8.680570000000001,8.29045,9.24071,8.25409,9.21447,9.09664
1.0429690000019036,9.65257,9.22128,10.28265,9.17657,10.25283,10.10561
1.0820309999980964,10.421280000000001,9.95486,11.10859,9.9032,11.0757,10.90005
1.125,11.04076,10.54364,11.775689999999999,10.48634,11.740129999999999,11.5373
1.1679690000019036,11.56853,11.04291,12.34536,10.980970000000001,12.307339999999998,12.07744
1.2070309999980964,12.01331,11.461609999999999,12.826519999999999,11.396040000000001,12.786259999999999,12.53028
1.25,12.39945,11.82317,13.24519,11.754800000000001,13.202839999999998,12.92123
1.2929690000019036,12.74456,12.144499999999999,13.62023,12.074050000000002,13.575869999999998,13.26863
1.3320309999980964,13.0508,12.427969999999998,13.95378,12.35612,13.907509999999998,13.57505
1.375,13.32207,12.677529999999999,14.24991,12.604890000000001,14.20183,13.84704
1.4179690000019036,13.56848,12.90275,14.51951,12.829870000000001,14.469669999999999,14.09568
1.4570309999980964,13.7965,13.109789999999998,14.76955,13.037160000000002,14.717979999999999,14.327119999999999
1.5,14.00643,13.299109999999999,15.00028,13.227200000000002,14.947009999999999,14.541319999999999
1.5429690000019036,14.19935,13.471849999999998,15.21279,13.401100000000001,15.15786,14.739069999999998
1.5820309999980964,14.376420000000001,13.629219999999998,15.40828,13.560020000000002,15.35173,14.921329999999998
1.625,14.538950000000002,13.772569999999998,15.58813,13.70526,15.53001,15.089259999999998
1.6679690000019036,14.691120000000002,13.905709999999997,15.7569,13.84064,15.69721,15.247029999999997
1.7070309999980964,14.835540000000002,14.031049999999997,15.91744,13.96857,15.85618,15.397259999999998
1.75,14.972210000000002,14.148679999999997,16.069699999999997,14.08912,16.00688,15.539859999999997
1.7929690000019036,15.101360000000001,14.258889999999997,16.21391,14.202549999999999,16.14953,15.674999999999997
1.8320309999980964,15.22328,14.362019999999998,16.35035,14.309169999999998,16.284419999999997,15.802929999999996
1.875,15.338280000000001,14.458419999999997,16.47934,14.409319999999997,16.411879999999996,15.923919999999997
1.9179690000019036,15.446700000000002,14.548459999999997,16.60122,14.503319999999997,16.532239999999998,16.038269999999997
1.9570309999980964,15.54887,14.632489999999997,16.716330000000003,14.591519999999997,16.64585,16.146279999999997
2.0,15.64516,14.710899999999997,16.825050000000005,14.674269999999998,16.75309,16.248309999999996
2.0429690000019036,15.736650000000001,14.784639999999998,16.928590000000003,14.752549999999998,16.855150000000002,16.345469999999995
2.0820309999980964,15.82501,14.855109999999998,17.028810000000004,14.827809999999998,16.953870000000002,16.439509999999995
2.125,15.91027,14.922389999999998,17.125720000000005,14.900109999999998,17.049270000000003,16.530439999999995
2.1679690000019036,15.99244,14.986529999999998,17.219330000000006,14.969489999999999,17.141360000000002,16.618259999999996
2.2070309999980964,16.07158,15.047619999999998,17.309680000000007,15.036019999999999,17.230190000000004,16.703009999999995
2.25,16.14776,15.105759999999998,17.396840000000008,15.099779999999999,17.315820000000002,16.784739999999996
2.2929690000019036,16.22105,15.161039999999998,17.48088000000001,15.16086,17.39833,16.863519999999994
2.3320309999980964,16.29154,15.213569999999999,17.56187000000001,15.219339999999999,17.477800000000002,16.939419999999995
2.375,16.3593,15.263449999999999,17.639900000000008,15.27531,17.55431,17.012519999999995
2.4179690000019036,16.42443,15.310789999999999,17.71506000000001,15.328869999999998,17.627940000000002,17.082899999999995
2.4570309999980964,16.487000000000002,15.35568,17.787420000000008,15.380099999999999,17.698790000000002,17.150639999999996
2.5,16.547110000000004,15.39823,17.857080000000007,15.429079999999999,17.76694,17.215809999999994
2.5429690000019036,16.604840000000003,15.43853,17.924120000000006,15.475909999999999,17.83248,17.278499999999994
2.5820309999980964,16.660290000000003,15.47669,17.988650000000007,15.520679999999999,17.89551,17.338809999999995
2.625,16.713620000000002,15.51286,18.050850000000008,15.563539999999998,17.956220000000002,17.396909999999995
2.6679690000019036,16.765510000000003,15.54753,18.111490000000007,15.605049999999999,18.01536,17.453529999999994
2.7070309999980964,16.81623,15.58091,18.170890000000007,15.645439999999999,18.07325,17.508959999999995
2.75,16.86577,15.61301,18.22903000000001,15.6847,18.12986,17.563169999999996
2.7929690000019036,16.91413,15.643849999999999,18.28590000000001,15.72285,18.185190000000002,17.616169999999997
2.8320309999980964,16.96132,15.673449999999999,18.34151000000001,15.75991,18.239240000000002,17.667949999999998
2.875,17.00735,15.701849999999999,18.39586000000001,15.79589,18.292030000000004,17.718529999999998
2.9179690000019036,17.052239999999998,15.729069999999998,18.44897000000001,15.83082,18.343570000000003,17.767919999999997
2.9570309999980964,17.095999999999997,15.755139999999999,18.50085000000001,15.864709999999999,18.393870000000003,17.816129999999998
3.0,17.138649999999995,15.7801,18.55151000000001,15.89759,18.442950000000003,17.863179999999996
3.0429690000019036,17.180209999999995,15.80397,18.60098000000001,15.92948,18.490830000000003,17.909089999999996
3.0820309999980964,17.220699999999994,15.826789999999999,18.649270000000012,15.96041,18.537530000000004,17.953869999999995
3.125,17.260139999999993,15.84859,18.69640000000001,15.9904,18.583070000000003,17.997539999999994
3.1679690000019036,17.29854999999999,15.86939,18.74239000000001,16.01947,18.627480000000002,18.040129999999994
3.2070309999980964,17.335959999999993,15.88923,18.78726000000001,16.047639999999998,18.67077,18.081649999999993
3.25,17.372379999999993,15.90813,18.831040000000012,16.074939999999998,18.712960000000002,18.122119999999992
3.2929690000019036,17.407829999999993,15.92613,18.873740000000012,16.10139,18.754070000000002,18.16155999999999
3.3320309999980964,17.442339999999994,15.94325,18.915380000000013,16.12701,18.794130000000003,18.199989999999993
3.375,17.475919999999995,15.959520000000001,18.955980000000014,16.151819999999997,18.833150000000003,18.237429999999993
3.4179690000019036,17.508599999999994,15.97497,18.995560000000015,16.175839999999997,18.871160000000003,18.273899999999994
3.4570309999980964,17.540389999999995,15.98962,19.034150000000015,16.199099999999998,18.90818,18.309419999999996
3.5,17.571329999999996,16.003510000000002,19.071770000000015,16.221619999999998,18.94424,18.344019999999997
3.5429690000019036,17.601449999999996,16.01666,19.108460000000015,16.243429999999996,18.97937,18.377729999999996
3.5820309999980964,17.630869999999994,16.02915,19.144370000000016,16.264629999999997,19.01372,18.410689999999995
3.625,17.659829999999996,16.04109,19.179790000000015,16.285399999999996,19.04757,18.443179999999995
3.6679690000019036,17.688359999999996,16.052500000000002,19.214750000000016,16.305759999999996,19.080940000000002,18.475209999999993
3.7070309999980964,17.716449999999995,16.063390000000002,19.249230000000015,16.325699999999994,19.11383,18.506769999999992
3.75,17.744099999999996,16.073770000000003,19.283240000000013,16.345239999999993,19.14623,18.53786999999999
3.7929690000019036,17.771309999999996,16.083640000000003,19.316770000000012,16.364369999999994,19.17814,18.56849999999999
3.8320309999980964,17.798079999999995,16.093020000000003,19.349820000000012,16.383099999999995,19.20957,18.598659999999988
3.875,17.824419999999996,16.101920000000003,19.38239000000001,16.401429999999994,19.24051,18.628359999999986
3.9179690000019036,17.850329999999996,16.110350000000004,19.41449000000001,16.419369999999994,19.270970000000002,18.657599999999988
3.9570309999980964,17.875809999999998,16.118320000000004,19.44611000000001,16.436929999999993,19.30095,18.68637999999999
4.0,17.900859999999998,16.125830000000004,19.477260000000012,16.454109999999993,19.33045,18.71469999999999
4.042969000001904,17.925489999999996,16.132900000000003,19.50795000000001,16.470919999999992,19.359479999999998,18.74255999999999
4.082030999998096,17.949699999999996,16.139540000000004,19.53817000000001,16.487359999999992,19.388039999999997,18.76996999999999
4.125,17.973499999999998,16.145760000000003,19.56793000000001,16.50343999999999,19.416139999999995,18.79693999999999
4.167969000001904,17.996889999999997,16.151570000000003,19.59723000000001,16.519169999999992,19.443779999999997,18.82345999999999
4.207030999998096,18.019879999999997,16.156980000000004,19.62608000000001,16.534549999999992,19.470959999999998,18.84954999999999
4.25,18.042469999999998,16.162000000000003,19.65448000000001,16.54958999999999,19.49769,18.87519999999999
4.292969000001904,18.06467,16.16664,19.68243000000001,16.564289999999993,19.52397,18.90041999999999
4.332030999998096,18.086479999999998,16.1709,19.70994000000001,16.578659999999992,19.549809999999997,18.92521999999999
4.375,18.107899999999997,16.1748,19.73701000000001,16.592699999999994,19.57521,18.94959999999999
4.417969000001904,18.128939999999997,16.178350000000002,19.76365000000001,16.606429999999992,19.600179999999998,18.97355999999999
4.457030999998096,18.149609999999996,16.18156,19.789860000000008,16.619839999999993,19.624719999999996,18.99710999999999
4.5,18.169899999999995,16.184430000000003,19.81564000000001,16.632949999999994,19.648829999999997,19.02024999999999
4.542969000001904,18.189829999999994,16.186980000000002,19.841000000000008,16.645749999999992,19.67253,19.04298999999999
4.582030999998096,18.209399999999995,16.189210000000003,19.86595000000001,16.65825999999999,19.695809999999998,19.06532999999999
4.625,18.228609999999996,16.19113,19.890490000000007,16.67047999999999,19.71868,19.08727999999999
4.667969000001904,18.247469999999996,16.19275,19.914620000000006,16.68240999999999,19.741149999999998,19.10883999999999
4.707030999998096,18.265979999999995,16.19408,19.938350000000007,16.69405999999999,19.763219999999997,19.13000999999999
4.75,18.284149999999997,16.19513,19.96168000000001,16.70543999999999,19.784899999999997,19.150809999999993
4.792969000001904,18.301979999999997,16.195899999999998,19.984620000000007,16.716549999999987,19.806189999999997,19.171229999999994
4.832030999998096,18.319479999999995,16.196409999999997,20.007170000000006,16.72738999999999,19.827099999999998,19.191279999999995
4.875,18.336659999999995,16.196759999999998,20.029340000000005,16.73796999999999,19.84763,19.210969999999996
4.917969000001904,18.353519999999996,16.19711,20.051140000000004,16.74829999999999,19.86779,19.230309999999996
4.957030999998096,18.370069999999995,16.19745,20.072580000000002,16.75838999999999,19.8876,19.249299999999995
5.0,18.386329999999994,16.19777,20.093680000000003,16.76824999999999,19.907069999999997,19.267969999999995
5.042969000001904,18.402399999999993,16.19811,20.11456,16.77793999999999,19.926319999999997,19.286429999999996
5.082030999998096,18.418309999999995,16.19843,20.135270000000002,16.78747999999999,19.945389999999996,19.304709999999996
5.125,18.434049999999996,16.198729999999998,20.155800000000003,16.79686999999999,19.964279999999995,19.322819999999997
5.167969000001904,18.449629999999996,16.199039999999997,20.176160000000003,16.806119999999993,19.982979999999994,19.340749999999996
5.207030999998096,18.465049999999994,16.199359999999995,20.196340000000003,16.815219999999993,20.001499999999993,19.358499999999996
5.25,18.480309999999996,16.199659999999994,20.216340000000002,16.82417999999999,20.019829999999992,19.376069999999995
5.292969000001904,18.495399999999997,16.199969999999993,20.23616,16.83298999999999,20.03796999999999,19.393459999999994
5.332030999998096,18.510329999999996,16.200269999999993,20.2558,16.84165999999999,20.05592999999999,19.410669999999993
5.375,18.525099999999995,16.20057999999999,20.27525,16.85018999999999,20.073699999999988,19.42769999999999
5.417969000001904,18.539699999999996,16.20087999999999,20.29452,16.85857999999999,20.091279999999987,19.444549999999992
5.457030999998096,18.554139999999997,16.20117999999999,20.313609999999997,16.86683999999999,20.108679999999985,19.461219999999994
5.5,18.568419999999996,16.20146999999999,20.33252,16.87495999999999,20.125889999999984,19.477709999999995
5.542969000001904,18.582539999999995,16.20175999999999,20.35125,16.88294999999999,20.142919999999982,19.494019999999995
5.582030999998096,18.596499999999995,16.20202999999999,20.3698,16.89080999999999,20.15975999999998,19.510149999999996
5.625,18.610299999999995,16.20229999999999,20.388170000000002,16.89853999999999,20.176419999999982,19.526099999999996
5.667969000001904,18.623939999999994,16.20258999999999,20.406360000000003,16.90613999999999,20.192899999999984,19.541879999999995
5.707030999998096,18.637419999999995,16.20285999999999,20.424370000000003,16.91360999999999,20.209189999999985,19.557479999999995
5.75,18.650749999999995,16.20313999999999,20.442200000000003,16.92094999999999,20.225299999999987,19.572909999999993
5.792969000001904,18.663919999999994,16.20341999999999,20.459850000000003,16.92816999999999,20.241229999999987,19.588159999999995
5.832030999998096,18.676939999999995,16.20368999999999,20.477320000000002,16.935269999999992,20.256979999999988,19.603239999999996
5.875,18.689799999999995,16.20395999999999,20.49461,16.94224999999999,20.27254999999999,19.618149999999996
5.917969000001904,18.702509999999993,16.204229999999992,20.51173,16.94910999999999,20.287949999999988,19.632889999999996
5.957030999998096,18.715069999999994,16.204499999999992,20.52867,16.95584999999999,20.303169999999987,19.647459999999995
6.0,18.727479999999993,16.204769999999993,20.545430000000003,16.962469999999993,20.318219999999986,19.661859999999994
6.042969000001904,18.739739999999994,16.205039999999993,20.562020000000004,16.96897999999999,20.333089999999984,19.676089999999995
6.082030999998096,18.751849999999994,16.205299999999994,20.578440000000004,16.97537999999999,20.347789999999986,19.690149999999996
6.125,18.763809999999992,16.205549999999995,20.594680000000004,16.98166999999999,20.362319999999986,19.704039999999996
6.167969000001904,18.775629999999992,16.205809999999996,20.610750000000003,16.98784999999999,20.376669999999987,19.717769999999994
6.207030999998096,18.78729999999999,16.206059999999997,20.62665,16.993919999999992,20.390849999999986,19.731339999999996
6.25,18.79882999999999,16.2063,20.642380000000003,16.999879999999994,20.404869999999985,19.744739999999997
6.292969000001904,18.81021999999999,16.206529999999997,20.657940000000004,17.005739999999992,20.418719999999986,19.757979999999996
6.332030999998096,18.82145999999999,16.20677,20.673330000000004,17.01148999999999,20.432399999999987,19.771059999999995
6.375,18.83255999999999,16.206989999999998,20.688550000000003,17.01713999999999,20.445919999999987,19.783979999999996
6.417969000001904,18.84351999999999,16.20723,20.70361,17.02268999999999,20.459269999999986,19.796739999999996
6.457030999998096,18.85433999999999,16.20747,20.718500000000002,17.02813999999999,20.472459999999987,19.809339999999995
6.5,18.86502999999999,16.20769,20.733230000000002,17.03348999999999,20.485489999999988,19.821789999999996
6.542969000001904,18.87557999999999,16.207919999999998,20.747790000000002,17.03873999999999,20.498359999999987,19.834079999999997
6.582030999998096,18.88598999999999,16.208139999999997,20.76219,17.04389999999999,20.511069999999986,19.846219999999995
6.625,18.89626999999999,16.208369999999995,20.77643,17.04895999999999,20.523619999999987,19.858199999999997
6.667969000001904,18.90641999999999,16.208589999999994,20.79051,17.05392999999999,20.536009999999987,19.870029999999996
6.707030999998096,18.91643999999999,16.208809999999993,20.80443,17.05880999999999,20.548239999999986,19.881709999999995
6.75,18.92631999999999,16.20901999999999,20.81819,17.06359999999999,20.560319999999987,19.893239999999995
6.792969000001904,18.93606999999999,16.20922999999999,20.83179,17.06829999999999,20.572239999999987,19.904619999999994
6.832030999998096,18.94569999999999,16.20943999999999,20.84523,17.07290999999999,20.584009999999985,19.915859999999995
6.875,18.95519999999999,16.20964999999999,20.858520000000002,17.07743999999999,20.595629999999986,19.926949999999994
6.917969000001904,18.96456999999999,16.20985999999999,20.871650000000002,17.081879999999988,20.607099999999985,19.937899999999996
6.957030999998096,18.973819999999993,16.21004999999999,20.88463,17.086239999999986,20.618429999999986,19.948709999999995
7.0,18.98294999999999,16.210239999999988,20.897460000000002,17.090519999999987,20.629609999999985,19.959379999999996
7.042969000001904,18.99195999999999,16.210429999999988,20.910140000000002,17.094719999999988,20.640649999999987,19.969909999999995
7.082030999998096,19.000849999999993,16.210619999999988,20.922680000000003,17.09883999999999,20.651549999999986,19.980299999999996
7.125,19.009639999999994,16.210809999999988,20.935100000000002,17.102889999999988,20.662329999999987,19.990579999999998
7.167969000001904,19.018369999999994,16.210999999999988,20.947460000000003,17.10688999999999,20.673039999999986,20.000799999999998
7.207030999998096,19.027039999999992,16.21116999999999,20.959750000000003,17.11083999999999,20.683679999999985,20.010949999999998
7.25,19.035649999999993,16.21134999999999,20.971980000000002,17.11473999999999,20.694249999999986,20.021029999999996
7.292969000001904,19.044199999999993,16.21153999999999,20.984140000000004,17.11858999999999,20.704749999999986,20.031039999999997
7.332030999998096,19.05267999999999,16.21170999999999,20.996230000000004,17.12238999999999,20.715179999999986,20.040979999999998
7.375,19.061099999999993,16.21188999999999,21.008250000000004,17.12614999999999,20.725529999999985,20.050839999999997
7.417969000001904,19.069459999999992,16.21206999999999,21.020200000000003,17.12985999999999,20.735809999999987,20.060629999999996
7.457030999998096,19.07775999999999,16.21224999999999,21.032080000000004,17.13351999999999,20.746019999999987,20.070349999999998
7.5,19.085989999999992,16.21241999999999,21.043890000000005,17.13712999999999,20.756149999999987,20.08
7.542969000001904,19.09415999999999,16.21259999999999,21.055630000000004,17.14068999999999,20.766209999999987,20.089579999999998
7.582030999998096,19.10226999999999,16.21277999999999,21.067300000000003,17.14420999999999,20.776199999999985,20.099089999999997
7.625,19.11031999999999,16.212959999999992,21.078900000000004,17.14767999999999,20.786109999999987,20.10853
7.667969000001904,19.11829999999999,16.213129999999992,21.090430000000005,17.151109999999992,20.795949999999987,20.1179
7.707030999998096,19.12621999999999,16.213299999999993,21.101890000000004,17.154489999999992,20.805719999999987,20.12719
7.75,19.13407999999999,16.213469999999994,21.113270000000004,17.157829999999993,20.815409999999986,20.136409999999998
7.792969000001904,19.14187999999999,16.213639999999995,21.124580000000005,17.161119999999993,20.825029999999987,20.14556
7.832030999998096,19.14960999999999,16.213809999999995,21.135820000000006,17.164369999999995,20.83457999999999,20.15464
7.875,19.15727999999999,16.213979999999996,21.146990000000006,17.167569999999994,20.84405999999999,20.16365
7.917969000001904,19.16488999999999,16.214139999999997,21.158090000000005,17.170729999999995,20.853459999999988,20.17259
7.957030999998096,19.172439999999987,16.214299999999998,21.169120000000007,17.173849999999995,20.862789999999986,20.18146
8.0,19.179929999999988,16.21446,21.180070000000008,17.176929999999995,20.872049999999987,20.190260000000002
8.042969000001904,19.187359999999988,16.21462,21.190950000000008,17.179959999999994,20.881229999999988,20.198990000000002
8.082030999998096,19.19472999999999,16.21479,21.201760000000007,17.182949999999995,20.890339999999988,20.20765
8.125,19.20202999999999,16.21495,21.212500000000006,17.185899999999993,20.899379999999987,20.216240000000003
8.167969000001904,19.20926999999999,16.215110000000003,21.223170000000007,17.188809999999993,20.908349999999988,20.224760000000003
8.207030999998096,19.21644999999999,16.215270000000004,21.233760000000007,17.191679999999995,20.91724999999999,20.233210000000003
8.25,19.22356999999999,16.215420000000005,21.244280000000007,17.194509999999994,20.92607999999999,20.241590000000002
8.292969000001904,19.23062999999999,16.215580000000006,21.254730000000006,17.197299999999995,20.934829999999987,20.249900000000004
8.332030999998096,19.237629999999992,16.215730000000008,21.265110000000007,17.200059999999993,20.943509999999986,20.258140000000004
8.375,19.244569999999992,16.21588000000001,21.275420000000008,17.202779999999994,20.952119999999987,20.266310000000004
8.417969000001904,19.25144999999999,16.21603000000001,21.285660000000007,17.205459999999995,20.960659999999987,20.274410000000003
8.457030999998096,19.258269999999992,16.216180000000012,21.295820000000006,17.208099999999995,20.969129999999986,20.282450000000004
8.5,19.265039999999992,16.216330000000013,21.305910000000008,17.210709999999995,20.977529999999987,20.290420000000005
8.542969000001904,19.271749999999994,16.216480000000015,21.31593000000001,17.213279999999994,20.985859999999988,20.298320000000004
8.582030999998096,19.278399999999994,16.216620000000013,21.32588000000001,17.215809999999994,20.994119999999988,20.306150000000002
8.625,19.284989999999993,16.21676000000001,21.335760000000008,17.218309999999995,21.002309999999987,20.313920000000003
8.667969000001904,19.291519999999995,16.21690000000001,21.34557000000001,17.220769999999995,21.01042999999999,20.321620000000003
8.707030999998096,19.297989999999995,16.21705000000001,21.35531000000001,17.223199999999995,21.01847999999999,20.329250000000002
8.75,19.304399999999994,16.21719000000001,21.36497000000001,17.225589999999993,21.02645999999999,20.336810000000003
8.792969000001904,19.310749999999995,16.217330000000008,21.37455000000001,17.227949999999993,21.03435999999999,20.344300000000004
8.832030999998096,19.812089999999994,16.43482000000001,22.27309000000001,17.661199999999994,21.81523999999999,21.011370000000003
8.875,21.624329999999993,17.63177000000001,26.27291000000001,19.785489999999992,25.26820999999999,23.711130000000004
8.917969000001904,22.348309999999994,18.23398000000001,28.25320000000001,20.849449999999994,26.95149999999999,24.919790000000006
8.957030999998096,22.736539999999994,18.575610000000008,29.41894000000001,21.469169999999995,27.93469999999999,25.595190000000006
9.0,22.987469999999995,18.799620000000008,30.21499000000001,21.887789999999995,28.602799999999988,26.038870000000006
9.042969000001904,23.167419999999996,18.95951000000001,30.80716000000001,22.196089999999995,29.098039999999987,26.358220000000006
9.082030999998096,23.305229999999995,19.080050000000007,31.27342000000001,22.436519999999994,29.486859999999986,26.601940000000006
9.125,23.415589999999995,19.174350000000008,31.655190000000008,22.631579999999996,29.804429999999986,26.795490000000004
9.167969000001904,23.506449999999994,19.249710000000007,31.97536000000001,22.793709999999997,30.070159999999987,26.952920000000006
9.207030999998096,23.583889999999993,19.311640000000008,32.25263000000001,22.932889999999997,30.299799999999987,27.085000000000004
9.25,23.649179999999994,19.361770000000007,32.48961000000001,23.050839999999997,30.49569999999999,27.194380000000006
9.292969000001904,23.707109999999993,19.404210000000006,32.70251000000001,23.15591,30.67135999999999,27.289440000000006
9.332030999998096,23.758489999999995,19.439940000000007,32.89343000000001,23.24936,30.82859999999999,27.371840000000006
9.375,23.803869999999996,19.469710000000006,33.06377000000001,23.33206,30.96865999999999,27.443500000000007
9.417969000001904,23.844359999999995,19.494590000000006,33.217140000000015,23.40592,31.094549999999987,27.50897000000001
9.457030999998096,23.881629999999994,19.515890000000006,33.359560000000016,23.473959999999998,31.21124999999999,27.570660000000007
9.5,23.915929999999996,19.533970000000007,33.491720000000015,23.536599999999996,31.31936999999999,27.628570000000007
9.542969000001904,23.947409999999994,19.549120000000006,33.61393000000002,23.594069999999995,31.41918999999999,27.682610000000007
9.582030999998096,23.976259999999993,19.561630000000005,33.72674000000002,23.646709999999995,31.51117999999999,27.732840000000007
9.625,24.002679999999994,19.571790000000004,33.83076000000002,23.694869999999995,31.595869999999987,27.779410000000006
9.667969000001904,24.027089999999994,19.579930000000004,33.92747000000002,23.739289999999993,31.67447999999999,27.822890000000005
9.707030999998096,24.050169999999994,19.586430000000004,34.01949000000002,23.781229999999994,31.74915999999999,27.864400000000003
9.75,24.071999999999996,19.591440000000002,34.10706000000002,23.820839999999993,31.82011999999999,27.904010000000003
9.792969000001904,24.092609999999997,19.595060000000004,34.19021000000002,23.858159999999994,31.88739999999999,27.941710000000004
9.832030999998096,24.112049999999996,19.597440000000002,34.26907000000002,23.893289999999993,31.95109999999999,27.977520000000005
9.875,24.130359999999996,19.59936,34.343780000000024,23.926319999999993,32.01135999999999,28.011490000000006
9.917969000001904,24.147609999999997,19.60123,34.41451000000002,23.957349999999995,32.068319999999986,28.043680000000005
9.957030999998096,24.163839999999997,19.60302,34.481430000000024,23.986489999999996,32.12211999999999,28.074150000000007
10.0,24.179119999999998,19.60471,34.54472000000003,24.013839999999995,32.17292999999999,28.102980000000006
10.042969000001904,24.19354,19.606270000000002,34.604730000000025,24.039569999999994,32.22101999999999,28.130320000000005
10.082030999998096,24.207379999999997,19.607840000000003,34.662620000000025,24.064199999999992,32.26733999999999,28.156690000000005
10.125,24.220729999999996,19.609320000000004,34.718720000000026,24.08788999999999,32.31215999999999,28.182240000000004
10.167969000001904,24.233589999999996,19.610740000000003,34.773000000000025,24.11063999999999,32.355459999999994,28.206960000000002
10.207030999998096,24.245969999999996,19.612160000000003,34.82548000000003,24.13246999999999,32.39724999999999,28.230850000000004
10.25,24.257869999999997,19.61352,34.87617000000003,24.15339999999999,32.43755999999999,28.253920000000004
10.292969000001904,24.269309999999997,19.614810000000002,34.92511000000003,24.17345999999999,32.47640999999999,28.276180000000004
10.332030999998096,24.280309999999997,19.616100000000003,34.97234000000003,24.192669999999993,32.513849999999984,28.297650000000004
10.375,24.290879999999998,19.617340000000002,35.01790000000003,24.211069999999992,32.54990999999998,28.318340000000003
10.417969000001904,24.301029999999997,19.618550000000003,35.06184000000003,24.228679999999994,32.58461999999998,28.33828
10.457030999998096,24.310769999999998,19.61972,35.104200000000034,24.245529999999995,32.61802999999998,28.357480000000002
10.5,24.32012,19.62084,35.14502000000003,24.261649999999996,32.65016999999998,28.375970000000002
10.542969000001904,24.32909,19.6219,35.18435000000003,24.277059999999995,32.68108999999998,28.393770000000004
10.582030999998096,24.3377,19.62292,35.22224000000003,24.291789999999995,32.71082999999998,28.410900000000005
10.625,24.34597,19.62388,35.25875000000003,24.305879999999995,32.73943999999998,28.427390000000006
10.667969000001904,24.35396,19.62482,35.294160000000026,24.319439999999993,32.76713999999998,28.443360000000006
10.707030999998096,24.36177,19.62578,35.32889000000003,24.332639999999994,32.79425999999998,28.459010000000006
10.75,24.36939,19.62671,35.36292000000003,24.345479999999995,32.82078999999998,28.474320000000006
10.792969000001904,24.376829999999998,19.62761,35.396240000000034,24.357959999999995,32.84672999999998,28.489300000000007
10.832030999998096,24.384079999999997,19.62848,35.428860000000036,24.370089999999994,32.87207999999998,28.503940000000007
10.875,24.391149999999996,19.62936,35.460780000000035,24.381869999999996,32.89683999999998,28.518250000000005
10.917969000001904,24.398039999999995,19.63018,35.49200000000003,24.393309999999996,32.921019999999984,28.532230000000006
10.957030999998096,24.404749999999996,19.631,35.52253000000003,24.404409999999995,32.94462999999998,28.545880000000004
11.0,24.411289999999997,19.63183,35.55237000000003,24.415179999999996,32.967669999999984,28.559210000000004
11.042969000001904,24.417659999999998,19.632640000000002,35.58154000000003,24.425629999999995,32.990149999999986,28.572220000000005
11.082030999998096,24.423859999999998,19.63342,35.61004000000003,24.435769999999994,33.01207999999998,28.584910000000004
11.125,24.429899999999996,19.63416,35.63788000000003,24.445599999999995,33.03346999999998,28.597290000000005
11.167969000001904,24.435779999999998,19.634890000000002,35.66508000000003,24.455139999999997,33.05432999999998,28.609370000000006
11.207030999998096,24.441499999999998,19.635620000000003,35.691640000000035,24.464389999999998,33.074669999999976,28.621150000000007
11.25,24.447069999999997,19.63632,35.71757000000004,24.473349999999996,33.09448999999998,28.632640000000006
11.292969000001904,24.452489999999997,19.63701,35.74289000000004,24.482039999999998,33.11380999999998,28.643840000000004
11.332030999998096,24.457759999999997,19.63768,35.76760000000004,24.49046,33.13263999999998,28.654750000000003
11.375,24.462889999999998,19.63832,35.79172000000004,24.49861,33.15097999999998,28.665380000000003
11.417969000001904,24.467879999999997,19.63896,35.81526000000004,24.50651,33.168849999999985,28.67574
11.457030999998096,24.47273,19.63956,35.83823000000004,24.51416,33.18625999999998,28.685830000000003
11.5,24.477449999999997,19.64017,35.86064000000004,24.52157,33.20321999999998,28.695660000000004
11.542969000001904,24.482039999999998,19.64076,35.88251000000004,24.528750000000002,33.21973999999998,28.705240000000003
11.582030999998096,24.48651,19.64133,35.903880000000036,24.53571,33.23584999999998,28.714590000000005
11.625,24.4909,19.64191,35.924920000000036,24.54251,33.251689999999975,28.723780000000005
11.667969000001904,24.49522,19.64246,35.945710000000034,24.54918,33.26730999999997,28.732840000000007
11.707030999998096,24.49947,19.64301,35.966240000000035,24.55572,33.28270999999997,28.741780000000006
11.75,24.50366,19.64355,35.986500000000035,24.56213,33.29787999999997,28.750590000000006
11.792969000001904,24.50778,19.644080000000002,36.00650000000004,24.56841,33.31282999999997,28.759270000000004
11.832030999998096,24.51183,19.644600000000004,36.02623000000004,24.57456,33.32755999999997,28.767820000000004
11.875,24.51581,19.645130000000005,36.04570000000004,24.58058,33.34205999999997,28.776240000000005
11.917969000001904,24.51973,19.645630000000004,36.06490000000004,24.58648,33.35633999999997,28.784530000000004
11.957030999998096,24.52358,19.646130000000003,36.08384000000004,24.59225,33.37039999999997,28.792690000000004
12.0,24.527359999999998,19.646630000000002,36.10251000000004,24.5979,33.38423999999997,28.800720000000005
12.042969000001904,24.53108,19.64713,36.12092000000004,24.60343,33.39785999999997,28.808630000000004
12.082030999998096,24.53474,19.64761,36.13906000000004,24.60885,33.41125999999997,28.816410000000005
12.125,24.53833,19.64808,36.15694000000004,24.61415,33.42444999999997,28.824070000000006
12.167969000001904,24.54186,19.64856,36.17457000000004,24.619339999999998,33.437419999999975,28.831600000000005
12.207030999998096,24.54533,19.64902,36.19194000000004,24.624409999999997,33.450179999999975,28.839010000000005
12.25,24.54874,19.64947,36.20905000000004,24.629369999999998,33.46272999999997,28.846300000000006
12.292969000001904,24.55209,19.64992,36.22591000000004,24.63423,33.475069999999974,28.853470000000005
12.332030999998096,24.55538,19.650360000000003,36.24252000000004,24.63898,33.487209999999976,28.860520000000005
12.375,24.558609999999998,19.650790000000004,36.25888000000004,24.64362,33.49914999999998,28.867450000000005
12.417969000001904,24.56178,19.651220000000006,36.27499000000004,24.648159999999997,33.51088999999998,28.874270000000006
12.457030999998096,24.56489,19.651640000000004,36.29086000000004,24.652599999999996,33.52242999999998,28.880970000000005
12.5,24.56794,19.652070000000005,36.30649000000004,24.656939999999995,33.533769999999976,28.887560000000004
12.542969000001904,24.57094,19.652460000000005,36.321880000000036,24.661189999999994,33.544919999999976,28.894030000000004
12.582030999998096,24.57388,19.652860000000004,36.337030000000034,24.665339999999993,33.55587999999997,28.900390000000005
12.625,24.57677,19.653250000000003,36.351940000000035,24.669399999999992,33.566649999999974,28.906640000000007
12.667969000001904,24.57961,19.653640000000003,36.36662000000003,24.67335999999999,33.57722999999997,28.912780000000005
12.707030999998096,24.58239,19.654030000000002,36.38107000000003,24.67722999999999,33.58761999999997,28.918820000000004
12.75,24.58512,19.654390000000003,36.39529000000003,24.68101999999999,33.59782999999997,28.924750000000003
12.792969000001904,24.5878,19.654760000000003,36.40928000000003,24.684719999999988,33.607859999999974,28.930570000000003
12.832030999998096,24.59043,19.655110000000004,36.42305000000003,24.688329999999986,33.617709999999974,28.936290000000003
12.875,24.59301,19.655470000000005,36.436600000000034,24.691859999999988,33.62738999999998,28.941910000000004
12.917969000001904,24.59554,19.655810000000006,36.44993000000004,24.69530999999999,33.636899999999976,28.947430000000004
12.957030999998096,24.598019999999998,19.656160000000007,36.46305000000004,24.69867999999999,33.64623999999998,28.952850000000005
13.0,24.600459999999998,19.65650000000001,36.47597000000004,24.70196999999999,33.65541999999998,28.958180000000006
13.042969000001904,24.60286,19.65684000000001,36.48873000000004,24.705199999999987,33.66446999999998,28.963430000000006
13.082030999998096,24.60524,19.65718000000001,36.50140000000004,24.708379999999988,33.67343999999998,28.968630000000005
13.125,24.60759,19.65750000000001,36.513970000000036,24.711519999999986,33.68232999999998,28.973790000000005
13.167969000001904,24.60992,19.65783000000001,36.52645000000003,24.714609999999986,33.69112999999998,28.978900000000003
13.207030999998096,24.61222,19.65815000000001,36.53883000000003,24.717649999999985,33.69984999999998,28.983960000000003
13.25,24.6145,19.65847000000001,36.55111000000003,24.720649999999985,33.70847999999997,28.988970000000002
13.292969000001904,24.61675,19.658790000000007,36.56329000000003,24.723599999999983,33.71702999999997,28.993930000000002
13.332030999998096,24.61898,19.659100000000006,36.57537000000003,24.726509999999983,33.72548999999997,28.99884
13.375,24.62118,19.659400000000005,36.58735000000003,24.72936999999998,33.733869999999975,29.003700000000002
13.417969000001904,24.623359999999998,19.659710000000004,36.59923000000003,24.73218999999998,33.74215999999998,29.00851
13.457030999998096,24.62551,19.660010000000003,36.61101000000003,24.734969999999983,33.750369999999975,29.013270000000002
13.5,24.62764,19.660300000000003,36.62269000000003,24.737699999999982,33.75848999999997,29.01798
13.542969000001904,24.629749999999998,19.660590000000003,36.63427000000003,24.740389999999984,33.766529999999975,29.022640000000003
13.582030999998096,24.631829999999997,19.660890000000002,36.64575000000003,24.743039999999983,33.774479999999976,29.027250000000002
13.625,24.633889999999997,19.66118,36.65713000000003,24.745649999999983,33.78234999999997,29.031810000000004
13.667969000001904,24.63592,19.66147,36.66841000000003,24.748219999999982,33.79013999999997,29.036320000000003
13.707030999998096,24.637929999999997,19.66175,36.67959000000003,24.750749999999982,33.79783999999997,29.040780000000005
13.75,24.639919999999996,19.66203,36.69067000000003,24.753239999999984,33.805459999999975,29.045200000000005
13.792969000001904,24.641879999999997,19.66231,36.701650000000036,24.755689999999984,33.812999999999974,29.049570000000006
13.832030999998096,24.643819999999998,19.66259,36.71252000000003,24.758099999999985,33.82044999999997,29.053890000000006
13.875,24.645729999999997,19.662850000000002,36.723290000000034,24.760469999999984,33.827819999999974,29.058160000000008
13.917969000001904,24.647619999999996,19.663120000000003,36.73396000000003,24.762799999999984,33.83510999999997,29.062380000000008
13.957030999998096,24.649489999999997,19.663390000000003,36.74453000000003,24.765089999999983,33.84231999999997,29.06656000000001
14.0,24.651339999999998,19.663650000000004,36.755010000000034,24.767349999999983,33.84944999999997,29.07069000000001
14.042969000001904,24.653159999999996,19.663920000000005,36.76539000000003,24.769569999999984,33.85649999999997,29.074770000000008
14.082030999998096,24.654959999999996,19.664180000000005,36.775670000000034,24.771749999999983,33.86346999999997,29.078810000000008
14.125,24.656739999999996,19.664440000000006,36.78585000000003,24.773899999999983,33.87035999999997,29.08280000000001
14.167969000001904,24.658499999999997,19.664700000000007,36.795930000000034,24.77600999999998,33.87716999999997,29.08674000000001
14.207030999998096,24.660239999999998,19.664950000000008,36.80591000000003,24.77808999999998,33.88389999999997,29.09064000000001
14.25,24.661949999999997,19.66520000000001,36.81580000000003,24.780129999999982,33.890559999999965,29.09449000000001
14.292969000001904,24.663639999999997,19.66544000000001,36.825590000000034,24.78213999999998,33.897139999999965,29.098300000000012
14.332030999998096,24.665309999999998,19.665680000000012,36.83528000000003,24.78411999999998,33.90363999999997,29.102060000000012
14.375,24.66696,19.665920000000014,36.844870000000036,24.78605999999998,33.91006999999997,29.105780000000014
14.417969000001904,24.66859,19.666150000000012,36.85437000000004,24.78796999999998,33.91641999999997,29.109450000000013
14.457030999998096,24.670199999999998,19.66637000000001,36.86377000000004,24.78984999999998,33.92269999999996,29.113080000000014
14.5,24.671789999999998,19.66660000000001,36.87308000000004,24.79169999999998,33.92889999999996,29.116660000000014
14.542969000001904,24.67336,19.66682000000001,36.88229000000004,24.79351999999998,33.93502999999996,29.120200000000015
14.582030999998096,24.67491,19.667050000000007,36.89141000000004,24.79530999999998,33.941079999999964,29.123700000000014
14.625,24.67644,19.667270000000006,36.90043000000004,24.79705999999998,33.947059999999965,29.127160000000014
14.667969000001904,24.67795,19.667480000000005,36.90936000000004,24.79877999999998,33.952969999999965,29.130570000000013
14.707030999998096,24.67944,19.667700000000004,36.91820000000004,24.80047999999998,33.958809999999964,29.133940000000013
14.75,24.68091,19.667910000000003,36.926940000000045,24.80214999999998,33.964569999999966,29.13727000000001
14.792969000001904,24.68236,19.668120000000002,36.93559000000005,24.803789999999978,33.97025999999997,29.14056000000001
14.832030999998096,24.68379,19.66833,36.94415000000005,24.805399999999977,33.97587999999997,29.143810000000013
14.875,24.6852,19.66852,36.95262000000005,24.806979999999978,33.98142999999997,29.147010000000012
14.917969000001904,24.68659,19.66872,36.961000000000055,24.80852999999998,33.986909999999966,29.150170000000013
14.957030999998096,24.68796,19.66892,36.96929000000006,24.81005999999998,33.992319999999964,29.153290000000013
15.0,24.68931,19.66912,36.97749000000006,24.81155999999998,33.997669999999964,29.156370000000013
15.042969000001904,24.69064,19.66932,36.98560000000006,24.81302999999998,34.00294999999996,29.159420000000015
15.082030999998096,24.691959999999998,19.66952,36.99363000000006,24.81447999999998,34.008169999999964,29.162430000000015
15.125,24.69326,19.66971,37.00158000000006,24.815899999999978,34.01332999999996,29.165400000000016
15.167969000001904,24.69455,19.6699,37.00949000000006,24.817309999999978,34.01844999999996,29.168350000000014
15.207030999998096,24.69583,19.67009,37.01736000000006,24.81869999999998,34.02353999999996,29.171280000000014
15.25,24.697100000000002,19.670279999999998,37.02520000000006,24.82006999999998,34.02858999999996,29.174190000000014
15.292969000001904,24.69836,19.670469999999998,37.033000000000065,24.821429999999978,34.03360999999996,29.177080000000014
15.332030999998096,24.69961,19.670659999999998,37.040770000000066,24.822769999999977,34.03859999999996,29.179950000000016
15.375,24.70085,19.67084,37.04850000000007,24.824099999999977,34.04355999999996,29.182800000000015
15.417969000001904,24.70208,19.67102,37.056190000000065,24.825409999999977,34.048479999999955,29.185630000000014
15.457030999998096,24.7033,19.6712,37.06384000000006,24.826709999999977,34.05336999999996,29.188450000000014
15.5,24.70452,19.67137,37.07145000000006,24.82798999999998,34.05822999999996,29.191250000000014
15.542969000001904,24.70573,19.67154,37.07903000000006,24.82925999999998,34.06304999999996,29.194030000000016
15.582030999998096,24.70693,19.67172,37.08657000000006,24.83050999999998,34.06783999999996,29.196790000000014
15.625,24.70812,19.67189,37.09407000000006,24.83174999999998,34.07259999999996,29.199530000000014
15.667969000001904,24.709300000000002,19.67207,37.10153000000006,24.83296999999998,34.07731999999996,29.202250000000014
15.707030999998096,24.71047,19.672240000000002,37.108950000000064,24.83417999999998,34.082009999999954,29.204950000000014
15.75,24.71163,19.672410000000003,37.11633000000006,24.83537999999998,34.086669999999955,29.207630000000016
15.792969000001904,24.71278,19.672580000000004,37.12367000000006,24.83655999999998,34.09128999999996,29.210290000000015
15.832030999998096,24.713919999999998,19.672740000000005,37.13097000000006,24.83772999999998,34.09587999999996,29.212930000000014
15.875,24.715049999999998,19.672900000000006,37.138230000000064,24.83887999999998,34.100439999999956,29.215550000000015
15.917969000001904,24.716169999999998,19.673070000000006,37.14545000000006,24.840019999999978,34.10496999999996,29.218150000000016
15.957030999998096,24.71728,19.673230000000007,37.15263000000006,24.841149999999978,34.109459999999956,29.220730000000014
16.0,24.71838,19.67339000000001,37.15977000000006,24.84225999999998,34.11391999999996,29.223290000000013
16.042969000001904,24.71947,19.67356000000001,37.16687000000006,24.84335999999998,34.11834999999996,29.225830000000013
16.082030999998096,24.720560000000003,19.67372000000001,37.17393000000006,24.84444999999998,34.12273999999996,29.228350000000013
16.125,24.721640000000004,19.67389000000001,37.18095000000006,24.84551999999998,34.127099999999956,29.230850000000014
16.167969000001904,24.722710000000003,19.674050000000012,37.18793000000006,24.846579999999978,34.13142999999996,29.233330000000013
16.207030999998096,24.723770000000002,19.674210000000013,37.19487000000006,24.847629999999977,34.13571999999996,29.235790000000012
16.25,24.72482,19.674370000000014,37.20177000000006,24.848659999999978,34.13997999999996,29.238230000000012
16.292969000001904,24.72586,19.674530000000015,37.20863000000006,24.849679999999978,34.14420999999996,29.240650000000013
16.332030999998096,24.72689,19.674680000000016,37.21545000000006,24.85068999999998,34.148409999999956,29.243050000000014
16.375,24.72791,19.674830000000018,37.222220000000064,24.85168999999998,34.152569999999955,29.245440000000013
16.417969000001904,24.728920000000002,19.67498000000002,37.22895000000006,24.85266999999998,34.15669999999996,29.247810000000012
16.457030999998096,24.729920000000003,19.67513000000002,37.23564000000006,24.853639999999977,34.16079999999996,29.25016000000001
16.5,24.730920000000005,19.675280000000022,37.24229000000006,24.854599999999976,34.16486999999996,29.252490000000012
16.542969000001904,24.731910000000006,19.67542000000002,37.24890000000006,24.855549999999976,34.16889999999996,29.254800000000014
16.582030999998096,24.732890000000005,19.67557000000002,37.25547000000007,24.856489999999976,34.172899999999956,29.257090000000012
16.625,24.733860000000004,19.67571000000002,37.262000000000064,24.857409999999977,34.17686999999996,29.25936000000001
16.667969000001904,24.734820000000003,19.67586000000002,37.268490000000064,24.858319999999978,34.18080999999996,29.26161000000001
16.707030999998096,24.735770000000002,19.676010000000023,37.274940000000065,24.85921999999998,34.184719999999956,29.263840000000013
16.75,24.736710000000002,19.67614000000002,37.281340000000064,24.860109999999978,34.188589999999955,29.266060000000014
16.792969000001904,24.737650000000002,19.67628000000002,37.287700000000065,24.860989999999976,34.19242999999995,29.268260000000012
16.832030999998096,24.738580000000002,19.676420000000018,37.29402000000007,24.861859999999975,34.19623999999995,29.27044000000001
16.875,24.739500000000003,19.676560000000016,37.300300000000064,24.862719999999975,34.20001999999995,29.27260000000001
16.917969000001904,24.740410000000004,19.676700000000015,37.30654000000006,24.863559999999975,34.20376999999995,29.274740000000012
16.957030999998096,24.741310000000006,19.676840000000013,37.31274000000006,24.864389999999975,34.20748999999995,29.276860000000013
17.0,24.742200000000004,19.67698000000001,37.31890000000006,24.865209999999976,34.21117999999995,29.278960000000012
17.042969000001904,24.743090000000002,19.67711000000001,37.325020000000066,24.866019999999978,34.21482999999995,29.28105000000001
17.082030999998096,24.74397,19.67724000000001,37.33110000000006,24.86681999999998,34.21844999999995,29.28312000000001
17.125,24.74484,19.677370000000007,37.337130000000066,24.867609999999978,34.22203999999995,29.28517000000001
17.167969000001904,24.7457,19.677500000000006,37.34312000000006,24.868389999999977,34.22559999999995,29.287200000000013
17.207030999998096,24.74655,19.677630000000004,37.34907000000006,24.869159999999976,34.22912999999995,29.28921000000001
17.25,24.74739,19.677760000000003,37.35498000000006,24.869919999999976,34.23262999999995,29.29121000000001
17.292969000001904,24.74823,19.67789,37.36085000000006,24.870669999999976,34.23609999999995,29.29319000000001
17.332030999998096,24.74906,19.67801,37.366680000000066,24.871409999999976,34.23953999999995,29.29515000000001
17.375,24.74988,19.67813,37.372470000000064,24.872139999999977,34.24294999999995,29.29709000000001
17.417969000001904,24.750690000000002,19.678259999999998,37.37822000000006,24.872859999999978,34.24632999999995,29.29901000000001
17.457030999998096,24.751490000000004,19.678379999999997,37.38392000000006,24.87356999999998,34.24967999999995,29.30092000000001
17.5,24.752290000000006,19.678499999999996,37.38958000000006,24.874269999999978,34.25299999999995,29.302810000000008
17.542969000001904,24.753080000000004,19.678619999999995,37.39520000000006,24.874959999999977,34.25628999999995,29.30468000000001
17.582030999998096,24.753860000000003,19.678739999999994,37.40078000000006,24.875639999999976,34.25954999999995,29.30653000000001
17.625,24.754630000000002,19.678859999999993,37.406320000000065,24.876309999999975,34.26277999999995,29.30837000000001
17.667969000001904,24.7554,19.678979999999992,37.41182000000006,24.876979999999975,34.26597999999995,29.31019000000001
17.707030999998096,24.75616,19.67909999999999,37.41728000000006,24.877639999999975,34.26914999999995,29.31199000000001
17.75,24.75691,19.67921999999999,37.42270000000006,24.878289999999975,34.27228999999995,29.31378000000001
17.792969000001904,24.75765,19.67932999999999,37.428080000000065,24.878929999999976,34.27539999999995,29.31555000000001
17.832030999998096,24.758390000000002,19.67943999999999,37.43342000000006,24.879559999999977,34.278479999999945,29.31730000000001
17.875,24.759120000000003,19.67954999999999,37.43872000000006,24.880179999999978,34.28153999999994,29.31904000000001
17.917969000001904,24.759840000000004,19.679659999999988,37.44398000000006,24.88078999999998,34.284569999999945,29.32076000000001
17.957030999998096,24.760550000000006,19.679769999999987,37.44920000000006,24.88139999999998,34.287569999999945,29.32246000000001
18.0,24.761260000000007,19.679879999999986,37.454380000000064,24.88199999999998,34.29053999999994,29.32415000000001
18.042969000001904,24.761960000000006,19.679979999999986,37.45952000000006,24.88258999999998,34.29348999999994,29.32582000000001
18.082030999998096,24.762660000000004,19.680089999999986,37.46465000000006,24.88316999999998,34.29641999999994,29.327480000000012
18.125,24.763350000000003,19.680189999999985,37.469760000000065,24.883749999999978,34.299339999999944,29.329130000000013
18.167969000001904,24.76404,19.680289999999985,37.474860000000064,24.884319999999978,34.30223999999994,29.330780000000015
18.207030999998096,24.76472,19.680389999999985,37.47994000000006,24.884889999999977,34.30512999999994,29.332420000000013
18.25,24.7654,19.680489999999985,37.48501000000007,24.885449999999977,34.30800999999994,29.334050000000012
18.292969000001904,24.76608,19.680599999999984,37.490060000000064,24.886009999999978,34.31087999999994,29.33567000000001
18.332030999998096,24.76675,19.680699999999984,37.495100000000065,24.886559999999978,34.31372999999994,29.33728000000001
18.375,24.767419999999998,19.680799999999984,37.50012000000007,24.88710999999998,34.31656999999994,29.33889000000001
18.417969000001904,24.768089999999997,19.680909999999983,37.505130000000065,24.88764999999998,34.31938999999994,29.34049000000001
18.457030999998096,24.768749999999997,19.681009999999983,37.510120000000065,24.88818999999998,34.32219999999994,29.34208000000001
18.5,24.769409999999997,19.681109999999983,37.51510000000007,24.88871999999998,34.32499999999994,29.34366000000001
18.542969000001904,24.770059999999997,19.681209999999982,37.520060000000065,24.889249999999983,34.32777999999994,29.34523000000001
18.582030999998096,24.770709999999998,19.681309999999982,37.525010000000066,24.889769999999984,34.33054999999994,29.346800000000012
18.625,24.771359999999998,19.681409999999982,37.52994000000007,24.890289999999986,34.33330999999994,29.348360000000014
18.667969000001904,24.772,19.68150999999998,37.53485000000007,24.890799999999984,34.33604999999994,29.349910000000015
18.707030999998096,24.77264,19.68160999999998,37.53975000000007,24.891309999999983,34.33877999999994,29.351450000000014
18.75,24.77328,19.68170999999998,37.54463000000007,24.891809999999982,34.34149999999994,29.352980000000013
18.792969000001904,24.77391,19.68180999999998,37.549500000000066,24.89230999999998,34.34419999999994,29.354500000000012
18.832030999998096,24.774540000000002,19.68190999999998,37.55435000000006,24.89280999999998,34.34688999999994,29.35602000000001
18.875,24.775160000000003,19.68199999999998,37.55918000000006,24.89329999999998,34.34955999999994,29.35753000000001
18.917969000001904,24.775780000000005,19.68209999999998,37.564000000000064,24.893789999999978,34.35221999999994,29.35903000000001
18.957030999998096,24.776400000000006,19.68218999999998,37.56880000000007,24.894269999999977,34.35486999999994,29.36052000000001
19.0,24.777010000000008,19.68227999999998,37.573580000000064,24.894749999999977,34.357499999999945,29.362000000000013
19.042969000001904,24.77762000000001,19.68236999999998,37.57834000000006,24.895219999999977,34.360119999999945,29.363470000000014
19.082030999998096,24.77823000000001,19.68246999999998,37.58309000000006,24.895689999999977,34.362719999999946,29.364940000000015
19.125,24.77883000000001,19.68255999999998,37.587820000000065,24.896149999999977,34.365309999999944,29.366400000000016
19.167969000001904,24.77943000000001,19.68264999999998,37.59253000000007,24.896609999999978,34.367889999999946,29.367850000000015
19.207030999998096,24.780020000000007,19.68273999999998,37.597220000000064,24.897069999999978,34.37044999999995,29.369290000000014
19.25,24.780610000000006,19.68282999999998,37.601900000000064,24.89751999999998,34.37299999999995,29.370720000000013
19.292969000001904,24.781200000000005,19.68291999999998,37.606560000000066,24.89796999999998,34.37552999999995,29.372150000000012
19.332030999998096,24.781780000000005,19.68300999999998,37.61120000000007,24.89840999999998,34.378049999999945,29.37357000000001
19.375,24.782360000000004,19.683099999999982,37.61582000000007,24.89884999999998,34.380559999999946,29.37498000000001
19.417969000001904,24.782940000000004,19.683179999999982,37.62043000000007,24.899279999999983,34.38304999999995,29.37638000000001
19.457030999998096,24.783510000000003,19.683269999999983,37.62502000000007,24.899709999999985,34.385529999999946,29.377770000000012
19.5,24.784080000000003,19.683359999999983,37.62959000000007,24.900139999999986,34.387989999999945,29.379150000000013
19.542969000001904,24.784640000000003,19.683439999999983,37.63414000000007,24.900559999999984,34.39043999999995,29.380530000000014
19.582030999998096,24.785200000000003,19.683529999999983,37.638670000000076,24.900979999999983,34.39287999999995,29.381900000000016
19.625,24.785760000000003,19.683619999999983,37.64318000000008,24.90138999999998,34.39529999999995,29.383260000000014
19.667969000001904,24.786310000000004,19.683709999999984,37.64768000000008,24.90179999999998,34.39770999999995,29.384610000000013
19.707030999998096,24.786860000000004,19.683799999999984,37.65216000000008,24.90220999999998,34.40010999999995,29.385950000000012
19.75,24.787410000000005,19.683889999999984,37.65662000000008,24.902609999999978,34.40248999999995,29.38728000000001
19.792969000001904,24.787950000000006,19.683979999999984,37.661060000000084,24.903009999999977,34.40485999999995,29.38861000000001
19.832030999998096,24.788490000000007,19.684059999999985,37.66548000000009,24.903399999999976,34.40720999999995,29.38993000000001
19.875,24.789030000000007,19.684139999999985,37.669880000000084,24.903789999999976,34.409549999999946,29.39124000000001
19.917969000001904,24.78956000000001,19.684219999999986,37.67426000000008,24.904179999999975,34.41187999999995,29.39254000000001
19.957030999998096,24.79009000000001,19.684299999999986,37.67862000000008,24.904559999999975,34.41418999999995,29.393830000000012
20.0,24.79061000000001,19.684379999999987,37.68297000000008,24.904939999999975,34.416489999999946,29.395120000000013
20.042969000001904,24.791130000000013,19.684459999999987,37.687300000000086,24.905319999999975,34.418769999999945,29.396400000000014
20.082030999998096,24.791650000000015,19.684539999999988,37.69161000000008,24.905689999999975,34.42103999999995,29.397670000000016
20.125,24.792160000000013,19.68461999999999,37.69590000000008,24.906059999999975,34.42329999999995,29.398930000000014
20.167969000001904,24.79267000000001,19.68469999999999,37.70017000000008,24.906429999999975,34.42553999999995,29.400180000000013
20.207030999998096,24.79318000000001,19.68477999999999,37.70442000000008,24.906789999999976,34.427769999999946,29.401420000000012
20.25,24.79368000000001,19.68485999999999,37.70865000000008,24.907149999999977,34.42998999999995,29.40266000000001
20.292969000001904,24.794180000000008,19.68493999999999,37.71286000000008,24.907499999999978,34.43218999999995,29.40389000000001
20.332030999998096,24.794680000000007,19.68501999999999,37.71705000000008,24.90784999999998,34.43437999999995,29.40511000000001
20.375,24.795170000000006,19.68509999999999,37.72122000000008,24.90819999999998,34.43654999999995,29.40632000000001
20.417969000001904,24.795660000000005,19.685179999999992,37.72537000000008,24.90853999999998,34.43870999999995,29.407520000000012
20.457030999998096,24.796150000000004,19.685259999999992,37.72950000000009,24.908879999999982,34.44085999999995,29.408720000000013
20.5,24.796630000000004,19.685339999999993,37.733610000000084,24.909219999999983,34.44298999999995,29.409910000000014
20.542969000001904,24.797110000000004,19.685419999999993,37.73770000000008,24.909549999999985,34.44510999999995,29.411090000000016
20.582030999998096,24.797590000000003,19.685489999999994,37.74177000000008,24.909879999999987,34.44721999999995,29.412260000000014
20.625,24.798060000000003,19.685559999999995,37.74582000000008,24.91020999999999,34.449309999999954,29.413420000000013
20.667969000001904,24.798530000000003,19.685629999999996,37.74985000000008,24.910529999999987,34.451389999999954,29.41458000000001
20.707030999998096,24.798990000000003,19.685699999999997,37.75386000000008,24.910849999999986,34.453449999999954,29.41573000000001
20.75,24.799450000000004,19.685769999999998,37.75785000000008,24.911169999999984,34.45549999999995,29.41687000000001
20.792969000001904,24.799910000000004,19.68584,37.761820000000085,24.911479999999983,34.45753999999995,29.41800000000001
20.832030999998096,24.800360000000005,19.68591,37.76577000000009,24.911789999999982,34.459559999999954,29.41912000000001
20.875,24.800810000000006,19.68598,37.769700000000086,24.91209999999998,34.46156999999995,29.42024000000001
20.917969000001904,24.801260000000006,19.68605,37.77361000000008,24.91239999999998,34.463569999999955,29.42135000000001
20.957030999998096,24.801700000000007,19.686120000000003,37.77750000000008,24.91269999999998,34.46554999999996,29.422450000000012
21.0,24.80214000000001,19.686190000000003,37.78137000000008,24.91299999999998,34.46751999999996,29.423540000000013
21.042969000001904,24.80258000000001,19.686260000000004,37.78522000000008,24.91329999999998,34.469479999999955,29.424620000000015
21.082030999998096,24.80301000000001,19.686330000000005,37.78905000000008,24.913589999999978,34.47141999999995,29.425700000000017
21.125,24.803440000000013,19.686400000000006,37.79286000000008,24.913879999999978,34.473349999999954,29.426770000000015
21.167969000001904,24.803870000000014,19.686470000000007,37.796650000000085,24.914169999999977,34.47526999999995,29.427830000000014
21.207030999998096,24.804290000000012,19.68653000000001,37.80042000000009,24.914449999999977,34.47716999999995,29.428880000000014
21.25,24.80471000000001,19.68660000000001,37.804170000000084,24.914729999999977,34.479059999999954,29.429930000000013
21.292969000001904,24.80513000000001,19.68667000000001,37.80790000000008,24.915009999999977,34.480939999999954,29.430970000000013
21.332030999998096,24.805540000000008,19.68674000000001,37.81161000000008,24.915279999999978,34.482799999999955,29.432000000000013
21.375,24.805950000000006,19.686810000000012,37.81530000000008,24.91554999999998,34.48464999999995,29.433020000000013
21.417969000001904,24.806360000000005,19.686870000000013,37.81897000000008,24.91581999999998,34.486489999999954,29.434030000000014
21.457030999998096,24.806760000000004,19.686930000000014,37.82262000000008,24.91608999999998,34.488309999999956,29.435040000000015
21.5,24.807160000000003,19.686990000000016,37.82625000000008,24.91634999999998,34.490119999999955,29.436040000000016
21.542969000001904,24.807560000000002,19.687050000000017,37.82986000000008,24.91660999999998,34.49191999999996,29.437030000000018
21.582030999998096,24.80795,19.68711000000002,37.833450000000084,24.91686999999998,34.493699999999954,29.438010000000016
21.625,24.80834,19.68717000000002,37.83702000000009,24.917119999999983,34.495469999999955,29.438990000000015
21.667969000001904,24.80873,19.68723000000002,37.840570000000085,24.917369999999984,34.49722999999995,29.439960000000013
21.707030999998096,24.80911,19.687290000000022,37.84410000000008,24.917619999999985,34.49896999999995,29.440920000000013
21.75,24.80949,19.687350000000023,37.84761000000008,24.917869999999986,34.50069999999995,29.441870000000012
21.792969000001904,24.80987,19.687410000000025,37.85110000000008,24.918109999999988,34.50241999999995,29.44282000000001
21.832030999998096,24.81025,19.687470000000026,37.85457000000008,24.91834999999999,34.504129999999954,29.44376000000001
21.875,24.81062,19.687530000000027,37.85803000000008,24.91858999999999,34.50582999999995,29.44470000000001
21.917969000001904,24.81099,19.68759000000003,37.861490000000074,24.918829999999993,34.50752999999995,29.445630000000012
21.957030999998096,24.81136,19.68765000000003,37.864940000000075,24.919069999999994,34.50921999999996,29.446560000000012
22.0,24.81173,19.68771000000003,37.86838000000007,24.919309999999996,34.51089999999996,29.447490000000013
22.042969000001904,24.8121,19.687770000000032,37.87182000000007,24.919539999999994,34.51257999999996,29.448410000000013
22.082030999998096,24.81247,19.687830000000034,37.87525000000007,24.919769999999993,34.514249999999954,29.449330000000014
22.125,24.81283,19.687880000000035,37.878680000000074,24.91999999999999,34.51591999999995,29.450250000000015
22.167969000001904,24.813190000000002,19.687940000000037,37.88210000000007,24.92022999999999,34.51757999999995,29.451160000000016
22.207030999998096,24.813550000000003,19.68799000000004,37.885510000000075,24.920459999999988,34.51922999999995,29.452070000000017
22.25,24.813910000000003,19.68805000000004,37.888910000000074,24.920689999999986,34.52087999999995,29.452980000000018
22.292969000001904,24.814270000000004,19.68811000000004,37.89231000000007,24.920909999999985,34.52251999999995,29.45388000000002
22.332030999998096,24.814630000000005,19.688170000000042,37.895700000000076,24.921129999999984,34.52415999999995,29.45478000000002
22.375,24.814990000000005,19.688230000000043,37.899080000000076,24.921349999999983,34.52578999999995,29.45567000000002
22.417969000001904,24.815340000000006,19.688290000000045,37.902460000000076,24.92156999999998,34.52740999999995,29.456560000000017
22.457030999998096,24.815690000000007,19.688340000000046,37.90583000000007,24.92178999999998,34.529029999999956,29.457450000000016
22.5,24.816040000000008,19.688400000000048,37.90919000000007,24.92200999999998,34.530639999999956,29.458330000000014
22.542969000001904,24.81639000000001,19.68846000000005,37.91254000000007,24.922229999999978,34.532249999999955,29.459210000000013
22.582030999998096,24.81674000000001,19.68852000000005,37.91589000000007,24.922439999999977,34.53384999999996,29.46009000000001
22.625,24.81709000000001,19.688570000000052,37.91923000000007,24.922649999999976,34.53543999999996,29.46096000000001
22.667969000001904,24.817430000000012,19.688630000000053,37.92256000000007,24.922859999999975,34.53702999999996,29.46183000000001
22.707030999998096,24.817770000000014,19.688680000000055,37.92588000000007,24.923069999999974,34.538609999999956,29.46269000000001
22.75,24.818110000000015,19.688730000000056,37.92919000000007,24.923279999999973,34.54018999999995,29.46355000000001
22.792969000001904,24.818450000000016,19.688780000000058,37.93249000000007,24.923489999999973,34.541759999999954,29.464410000000008
22.832030999998096,24.827010000000016,19.698850000000057,38.05357000000007,24.95346999999997,34.62003999999995,29.50089000000001
22.875,25.053840000000015,20.178340000000055,42.573680000000074,26.32887999999997,37.780009999999955,30.868240000000007
22.917969000001904,25.142030000000016,20.446730000000056,44.982890000000076,27.10665999999997,39.51197999999995,31.575740000000007
22.957030999998096,25.191220000000015,20.611470000000054,46.509460000000075,27.60160999999997,40.615409999999954,32.01165000000001
23.0,25.223390000000016,20.722150000000052,47.58534000000007,27.949529999999967,41.39474999999995,32.31051000000001
23.042969000001904,25.246790000000015,20.802120000000052,48.40845000000007,28.214449999999967,41.99156999999995,32.532790000000006
23.082030999998096,25.264750000000014,20.861870000000053,49.06411000000007,28.424309999999966,42.467179999999956,32.70481000000001
23.125,25.279190000000014,20.907870000000052,49.60696000000007,28.597019999999965,42.860999999999954,32.84295000000001
23.167969000001904,25.291200000000014,20.943960000000054,50.070190000000075,28.743449999999964,43.19703999999995,32.95700000000001
23.207030999998096,25.301320000000015,20.972290000000054,50.46826000000007,28.868489999999962,43.48574999999995,33.05180000000001
23.25,25.309950000000015,20.994440000000054,50.81388000000007,28.97634999999996,43.73634999999995,33.131220000000006
23.292969000001904,25.317620000000016,21.012190000000054,51.125900000000065,29.07308999999996,43.96249999999995,33.20028000000001
23.332030999998096,25.324410000000015,21.026080000000054,51.406050000000064,29.159379999999963,44.165459999999946,33.259890000000006
23.375,25.330400000000015,21.036620000000052,51.656410000000065,29.235989999999962,44.34674999999994,33.31329000000001
23.417969000001904,25.335770000000014,21.04443000000005,51.883350000000064,29.30496999999996,44.51098999999994,33.36281000000001
23.457030999998096,25.340720000000015,21.05008000000005,52.095010000000066,29.36887999999996,44.664089999999945,33.40994000000001
23.5,25.345270000000014,21.05383000000005,52.291460000000065,29.42781999999996,44.80610999999995,33.45442000000001
23.542969000001904,25.349440000000012,21.056790000000053,52.47327000000006,29.48200999999996,44.937459999999945,33.496150000000014
23.582030999998096,25.353260000000013,21.059630000000052,52.64122000000006,29.53172999999996,45.058719999999944,33.53513000000002
23.625,25.356760000000012,21.062250000000052,52.79620000000006,29.57730999999996,45.17054999999994,33.571430000000014
23.667969000001904,25.360000000000014,21.06471000000005,52.940950000000065,29.619599999999963,45.274919999999945,33.60560000000002
23.707030999998096,25.363070000000015,21.067120000000052,53.079070000000065,29.659679999999963,45.37443999999994,33.63842000000002
23.75,25.365970000000015,21.06941000000005,53.21051000000006,29.697569999999963,45.46907999999994,33.66983000000002
23.792969000001904,25.368710000000014,21.07155000000005,53.33535000000006,29.733329999999963,45.558899999999944,33.69982000000002
23.832030999998096,25.371290000000013,21.073580000000053,53.45377000000006,29.767029999999963,45.64403999999995,33.72839000000002
23.875,25.373720000000013,21.075530000000054,53.56599000000006,29.798749999999963,45.72465999999995,33.75557000000002
23.917969000001904,25.37601000000001,21.077370000000055,53.67225000000006,29.828589999999963,45.80093999999995,33.78139000000002
23.957030999998096,25.378160000000012,21.079070000000055,53.77280000000006,29.856639999999963,45.873059999999946,33.805890000000026
24.0,25.380190000000013,21.080720000000056,53.86792000000006,29.882999999999964,45.94122999999995,33.82913000000003
24.042969000001904,25.38211000000001,21.082320000000056,53.958320000000064,29.907879999999963,46.00596999999995,33.851260000000025
24.082030999998096,25.383950000000013,21.083860000000055,54.045710000000064,29.931769999999965,46.06849999999995,33.87270000000002
24.125,25.385730000000013,21.085320000000056,54.130380000000066,29.954769999999964,46.129039999999954,33.89351000000002
24.167969000001904,25.387440000000012,21.086790000000057,54.21230000000006,29.976869999999963,46.187559999999955,33.91368000000002
24.207030999998096,25.389090000000014,21.088210000000057,54.291480000000064,29.998099999999962,46.244079999999954,33.93320000000002
24.25,25.390670000000014,21.089570000000055,54.367970000000064,30.01846999999996,46.29862999999995,33.952080000000024
24.292969000001904,25.392190000000014,21.090890000000055,54.44181000000006,30.03800999999996,46.351239999999954,33.970330000000025
24.332030999998096,25.393650000000015,21.092160000000057,54.51306000000006,30.056739999999962,46.40195999999995,33.98796000000002
24.375,25.395050000000015,21.093380000000057,54.58178000000006,30.07468999999996,46.45083999999995,34.004980000000025
24.417969000001904,25.396400000000014,21.094570000000058,54.648030000000055,30.09187999999996,46.49792999999995,34.02140000000002
24.457030999998096,25.397690000000015,21.095710000000057,54.711890000000054,30.10833999999996,46.54326999999995,34.03724000000002
24.5,25.398930000000014,21.09681000000006,54.77342000000005,30.12409999999996,46.58691999999995,34.05251000000002
24.542969000001904,25.400120000000015,21.097860000000058,54.83268000000005,30.13917999999996,46.62891999999995,34.067230000000016
24.582030999998096,25.401260000000015,21.098880000000058,54.88976000000005,30.15359999999996,46.66933999999995,34.08141000000002
24.625,25.402360000000016,21.099860000000056,54.944770000000055,30.16740999999996,46.70824999999995,34.09508000000002
24.667969000001904,25.403420000000015,21.100790000000057,54.99826000000005,30.18074999999996,46.74604999999995,34.10838000000002
24.707030999998096,25.404460000000014,21.101730000000057,55.05070000000005,30.19373999999996,46.783069999999945,34.121420000000015
24.75,25.405470000000015,21.102640000000058,55.10206000000005,30.20637999999996,46.81929999999995,34.13419000000002
24.792969000001904,25.406460000000017,21.10355000000006,55.15234000000005,30.21866999999996,46.85472999999995,34.14670000000002
24.832030999998096,25.407420000000016,21.10441000000006,55.201530000000055,30.23061999999996,46.88936999999995,34.158940000000015
24.875,25.408360000000016,21.105260000000058,55.24965000000005,30.24222999999996,46.92321999999995,34.17091000000001
24.917969000001904,25.409280000000017,21.106110000000058,55.29670000000005,30.25350999999996,46.95627999999995,34.182620000000014
24.957030999998096,25.410170000000015,21.10694000000006,55.342690000000054,30.26445999999996,46.98856999999995,34.194060000000015
25.0,25.411040000000014,21.10776000000006,55.38763000000005,30.27509999999996,47.02008999999995,34.20524000000002
25.042969000001904,25.411890000000014,21.10854000000006,55.43153000000005,30.28541999999996,47.050849999999954,34.216160000000016
25.082030999998096,25.412710000000015,21.109310000000058,55.47441000000005,30.29543999999996,47.080869999999955,34.226830000000014
25.125,25.413510000000016,21.11004000000006,55.51629000000005,30.30515999999996,47.11015999999996,34.23725000000002
25.167969000001904,25.414290000000015,21.11078000000006,55.557180000000045,30.31458999999996,47.13872999999996,34.24742000000002
25.207030999998096,25.415050000000015,21.11151000000006,55.597090000000044,30.32373999999996,47.16658999999996,34.25734000000002
25.25,25.415790000000015,21.11222000000006,55.636040000000044,30.332609999999963,47.19374999999996,34.267020000000024
25.292969000001904,25.416510000000017,21.11292000000006,55.674050000000044,30.341209999999965,47.22022999999996,34.276470000000025
25.332030999998096,25.417210000000015,21.11360000000006,55.71114000000004,30.349549999999965,47.24603999999996,34.285690000000024
25.375,25.417890000000014,21.11426000000006,55.747320000000045,30.357629999999965,47.271189999999955,34.29468000000002
25.417969000001904,25.418550000000014,21.11491000000006,55.78261000000005,30.365459999999963,47.295699999999954,34.30344000000002
25.457030999998096,25.419190000000015,21.11552000000006,55.817030000000045,30.373049999999964,47.319569999999956,34.31198000000003
25.5,25.419820000000016,21.116140000000062,55.85060000000004,30.380399999999963,47.34282999999996,34.32031000000003
25.542969000001904,25.420430000000017,21.11672000000006,55.88335000000004,30.387519999999963,47.365499999999955,34.328430000000026
25.582030999998096,25.421020000000016,21.11728000000006,55.91535000000004,30.394429999999964,47.38762999999995,34.33636000000003
25.625,25.421600000000016,21.11784000000006,55.94689000000004,30.401199999999964,47.409419999999955,34.34417000000003
25.667969000001904,25.422170000000015,21.11840000000006,55.97803000000004,30.407839999999965,47.430909999999955,34.35188000000003
25.707030999998096,25.422740000000015,21.118930000000063,56.00876000000004,30.414349999999963,47.452089999999956,34.35949000000003
25.75,25.423300000000015,21.119470000000064,56.03908000000004,30.420729999999963,47.472969999999954,34.36699000000003
25.792969000001904,25.423850000000016,21.120000000000065,56.06899000000004,30.426979999999965,47.49353999999995,34.37439000000003
25.832030999998096,25.424390000000017,21.120510000000063,56.098480000000045,30.433109999999964,47.51380999999995,34.381680000000024
25.875,25.424920000000018,21.121040000000065,56.127560000000045,30.439109999999964,47.53376999999995,34.38886000000002
25.917969000001904,25.42544000000002,21.121520000000064,56.15623000000004,30.444989999999965,47.55342999999995,34.395940000000024
25.957030999998096,25.425950000000018,21.122030000000063,56.18448000000004,30.450749999999964,47.57277999999995,34.40291000000003
26.0,25.426450000000017,21.122520000000062,56.21232000000004,30.456389999999963,47.59182999999995,34.409780000000026
26.042969000001904,25.426940000000016,21.12302000000006,56.23975000000004,30.461909999999964,47.61057999999995,34.416540000000026
26.082030999998096,25.427430000000015,21.12350000000006,56.26678000000005,30.467319999999965,47.62902999999995,34.42320000000002
26.125,25.427910000000015,21.12397000000006,56.293410000000044,30.472609999999964,47.64718999999995,34.42975000000002
26.167969000001904,25.428380000000015,21.12443000000006,56.31964000000004,30.477789999999963,47.665059999999954,34.43620000000002
26.207030999998096,25.428840000000015,21.12490000000006,56.34547000000004,30.482859999999963,47.68263999999996,34.44255000000002
26.25,25.429290000000016,21.12536000000006,56.37090000000004,30.487819999999964,47.69992999999996,34.44880000000002
26.292969000001904,25.429730000000017,21.12581000000006,56.39594000000004,30.492669999999965,47.71693999999996,34.45495000000002
26.332030999998096,25.430170000000018,21.126260000000062,56.420600000000036,30.497419999999966,47.73366999999996,34.46100000000002
26.375,25.43060000000002,21.126690000000064,56.44487000000004,30.502059999999965,47.75011999999996,34.46695000000002
26.417969000001904,25.431020000000018,21.127080000000063,56.46876000000004,30.506599999999963,47.76628999999996,34.47280000000002
26.457030999998096,25.431430000000017,21.12750000000006,56.49228000000004,30.511039999999962,47.782189999999964,34.47856000000002
26.5,25.431840000000015,21.12792000000006,56.515420000000034,30.51538999999996,47.797819999999966,34.48422000000002
26.542969000001904,25.432240000000014,21.12833000000006,56.538190000000036,30.51963999999996,47.81317999999997,34.48979000000002
26.582030999998096,25.432630000000014,21.128730000000058,56.560600000000036,30.52378999999996,47.828279999999964,34.49526000000002
26.625,25.433010000000014,21.129120000000057,56.58265000000004,30.527849999999958,47.84311999999996,34.500640000000026
26.667969000001904,25.433390000000013,21.129520000000056,56.604340000000036,30.531819999999957,47.857699999999966,34.50593000000003
26.707030999998096,25.433760000000014,21.129900000000056,56.625670000000035,30.535699999999956,47.87202999999997,34.51113000000003
26.75,25.434120000000014,21.130270000000056,56.64665000000004,30.539489999999955,47.88610999999997,34.51624000000003
26.792969000001904,25.434480000000015,21.130620000000057,56.66729000000004,30.543199999999956,47.899939999999965,34.521260000000034
26.832030999998096,25.434830000000016,21.130980000000058,56.68758000000004,30.546819999999958,47.91351999999996,34.526190000000035
26.875,25.435170000000017,21.13133000000006,56.70754000000004,30.55035999999996,47.92685999999996,34.53104000000003
26.917969000001904,25.43551000000002,21.13167000000006,56.72717000000004,30.55381999999996,47.93996999999996,34.53580000000003
26.957030999998096,25.43584000000002,21.132000000000062,56.746480000000034,30.55719999999996,47.95284999999996,34.54048000000003
27.0,25.43616000000002,21.132340000000063,56.76548000000003,30.56049999999996,47.96550999999996,34.545080000000034
27.042969000001904,25.436480000000017,21.132670000000065,56.78426000000003,30.56373999999996,47.97800999999996,34.549630000000036
27.082030999998096,25.436800000000016,21.133000000000067,56.80289000000003,30.56693999999996,47.99038999999996,34.55414000000004
27.125,25.437110000000015,21.13333000000007,56.82137000000003,30.57008999999996,48.00265999999996,34.55861000000004
27.167969000001904,25.437420000000014,21.13366000000007,56.83970000000003,30.57319999999996,48.01480999999996,34.56303000000004
27.207030999998096,25.437730000000013,21.13398000000007,56.85787000000003,30.576259999999962,48.02684999999996,34.56741000000004
27.25,25.438030000000012,21.134290000000068,56.87588000000002,30.57927999999996,48.038769999999964,34.57175000000004
27.292969000001904,25.43833000000001,21.134600000000066,56.89374000000002,30.582249999999963,48.050569999999965,34.57605000000004
27.332030999998096,25.43863000000001,21.134910000000065,56.91144000000002,30.585179999999962,48.06224999999996,34.58031000000004
27.375,25.43892000000001,21.135210000000065,56.92898000000002,30.588059999999963,48.07381999999996,34.584530000000036
27.417969000001904,25.43921000000001,21.135520000000064,56.94636000000002,30.590899999999962,48.085269999999966,34.58870000000004
27.457030999998096,25.43950000000001,21.135830000000063,56.96358000000002,30.593689999999963,48.09659999999997,34.59283000000004
27.5,25.43978000000001,21.136120000000062,56.98065000000002,30.596439999999962,48.107809999999965,34.59692000000004
27.542969000001904,25.44006000000001,21.13642000000006,56.99756000000002,30.599149999999963,48.118909999999964,34.60097000000004
27.582030999998096,25.44034000000001,21.13670000000006,57.01431000000002,30.60181999999996,48.12988999999997,34.60498000000004
27.625,25.44061000000001,21.13698000000006,57.030900000000024,30.60444999999996,48.14074999999997,34.60895000000004
27.667969000001904,25.44088000000001,21.13727000000006,57.047330000000024,30.607039999999962,48.15149999999997,34.61287000000004
27.707030999998096,25.44115000000001,21.13756000000006,57.063610000000025,30.609579999999962,48.16212999999997,34.616750000000046
27.75,25.441410000000012,21.13784000000006,57.079730000000026,30.612079999999963,48.17264999999997,34.62059000000004
27.792969000001904,25.441670000000013,21.13812000000006,57.095690000000026,30.614549999999962,48.183049999999966,34.62439000000004
27.832030999998096,25.441930000000013,21.13839000000006,57.11150000000003,30.616979999999963,48.193339999999964,34.62815000000004
27.875,25.442180000000015,21.138650000000062,57.12715000000003,30.61936999999996,48.20351999999996,34.63187000000004
27.917969000001904,25.442430000000016,21.138930000000062,57.14265000000003,30.62171999999996,48.213579999999965,34.635550000000045
27.957030999998096,25.442680000000017,21.139190000000063,57.157990000000034,30.624029999999962,48.22352999999997,34.63919000000004
28.0,25.44292000000002,21.139450000000064,57.17318000000003,30.62630999999996,48.233369999999965,34.64279000000004
28.042969000001904,25.44316000000002,21.139710000000065,57.18821000000003,30.62854999999996,48.24309999999996,34.64635000000004
28.082030999998096,25.443400000000022,21.139950000000066,57.20309000000003,30.63074999999996,48.25271999999996,34.64987000000004
28.125,25.443640000000023,21.140210000000067,57.21782000000003,30.63291999999996,48.26222999999996,34.653350000000046
28.167969000001904,25.44387000000002,21.14046000000007,57.232400000000034,30.63504999999996,48.27162999999996,34.65679000000004
28.207030999998096,25.44410000000002,21.14071000000007,57.24683000000003,30.63714999999996,48.28091999999996,34.66019000000004
28.25,25.44433000000002,21.14095000000007,57.26111000000003,30.63920999999996,48.290109999999956,34.66355000000004
28.292969000001904,25.444550000000017,21.141200000000072,57.27524000000003,30.64123999999996,48.29918999999995,34.666870000000046
28.332030999998096,25.444770000000016,21.141440000000074,57.28922000000003,30.64322999999996,48.30815999999995,34.670160000000045
28.375,25.444990000000015,21.141680000000076,57.30305000000003,30.64518999999996,48.31702999999995,34.67341000000005
28.417969000001904,25.445210000000014,21.141920000000077,57.31673000000003,30.647119999999962,48.325789999999955,34.67662000000005
28.457030999998096,25.445420000000013,21.142150000000075,57.33026000000003,30.64901999999996,48.334449999999954,34.67979000000005
28.5,25.445630000000012,21.142380000000074,57.34365000000003,30.65087999999996,48.342999999999954,34.682920000000045
28.542969000001904,25.44584000000001,21.142600000000073,57.356890000000035,30.652709999999963,48.35144999999996,34.68602000000005
28.582030999998096,25.44604000000001,21.14283000000007,57.36999000000004,30.654509999999963,48.35979999999996,34.68908000000005
28.625,25.44624000000001,21.14306000000007,57.38295000000004,30.656279999999963,48.368049999999954,34.692100000000046
28.667969000001904,25.44644000000001,21.14327000000007,57.39576000000004,30.658019999999965,48.376199999999955,34.69509000000004
28.707030999998096,25.44664000000001,21.143470000000068,57.40843000000004,30.659729999999964,48.38424999999995,34.69804000000004
28.75,25.44683000000001,21.143680000000067,57.420960000000036,30.661409999999965,48.39219999999995,34.70095000000004
28.792969000001904,25.44702000000001,21.143890000000066,57.43335000000004,30.663059999999966,48.40004999999995,34.70383000000004
28.832030999998096,25.44721000000001,21.144100000000066,57.44560000000004,30.664679999999965,48.40779999999995,34.70667000000004
28.875,25.44740000000001,21.144300000000065,57.45771000000004,30.666279999999965,48.41544999999995,34.709480000000035
28.917969000001904,25.44758000000001,21.144500000000065,57.46968000000004,30.667849999999966,48.42300999999995,34.71225000000003
28.957030999998096,25.44776000000001,21.144700000000064,57.48152000000004,30.669389999999964,48.43046999999995,34.714990000000036
29.0,25.44794000000001,21.144900000000064,57.493220000000036,30.670909999999964,48.43783999999995,34.717700000000036
29.042969000001904,25.44812000000001,21.145100000000063,57.504790000000035,30.672399999999964,48.44511999999995,34.72037000000004
29.082030999998096,25.44829000000001,21.145290000000063,57.516230000000036,30.673859999999966,48.452309999999954,34.72301000000004
29.125,25.44846000000001,21.145490000000063,57.52756000000004,30.675299999999964,48.45941999999995,34.725620000000035
29.167969000001904,25.448630000000012,21.145680000000063,57.53883000000004,30.676719999999964,48.466479999999954,34.72821000000003
29.207030999998096,25.448800000000013,21.145860000000063,57.55004000000004,30.678129999999964,48.473489999999956,34.730790000000034
29.25,25.448970000000013,21.146050000000063,57.56119000000004,30.679519999999965,48.48045999999996,34.73335000000004
29.292969000001904,25.449140000000014,21.146240000000063,57.57228000000004,30.680899999999966,48.48737999999996,34.73589000000004
29.332030999998096,25.449310000000015,21.146420000000063,57.58331000000004,30.682259999999964,48.49425999999996,34.73842000000004
29.375,25.449470000000016,21.146600000000063,57.59428000000004,30.683599999999963,48.50108999999996,34.74093000000004
29.417969000001904,25.449630000000017,21.146780000000064,57.60519000000004,30.684929999999962,48.507879999999965,34.74342000000004
29.457030999998096,25.449790000000018,21.146960000000064,57.61604000000004,30.686239999999962,48.514619999999965,34.74590000000004
29.5,25.44995000000002,21.147140000000064,57.62683000000004,30.687539999999963,48.521309999999964,34.74836000000004
29.542969000001904,25.45011000000002,21.147320000000065,57.63756000000004,30.688819999999964,48.527959999999965,34.75080000000004
29.582030999998096,25.45027000000002,21.147490000000065,57.64823000000004,30.690089999999966,48.53455999999996,34.75323000000004
29.625,25.450430000000022,21.147670000000065,57.65884000000004,30.691339999999965,48.541119999999964,34.755640000000035
29.667969000001904,25.450590000000023,21.147840000000066,57.66938000000004,30.692579999999964,48.54762999999996,34.75803000000003
29.707030999998096,25.450740000000025,21.148020000000066,57.67986000000004,30.693799999999964,48.55408999999996,34.760410000000036
29.75,25.450890000000026,21.148190000000067,57.690280000000044,30.695009999999964,48.56050999999996,34.76277000000004
29.792969000001904,25.451040000000027,21.148360000000068,57.70064000000004,30.696209999999965,48.566879999999955,34.765110000000035
29.832030999998096,25.45119000000003,21.14853000000007,57.71093000000004,30.697389999999967,48.57319999999996,34.767440000000036
29.875,25.45134000000003,21.14870000000007,57.72116000000004,30.698559999999965,48.579479999999954,34.76975000000004
29.917969000001904,25.45149000000003,21.14887000000007,57.73133000000004,30.699709999999964,48.585709999999956,34.77204000000004
29.957030999998096,25.451640000000033,21.14904000000007,57.741430000000044,30.700849999999964,48.59188999999996,34.77431000000004
30.0,25.451790000000035,21.14920000000007,57.75147000000004,30.701979999999963,48.59802999999996,34.77657000000004
30.042969000001904,25.451940000000036,21.149360000000073,57.76145000000004,30.703089999999964,48.60411999999996,34.77881000000004
30.082030999998096,25.452080000000034,21.149520000000074,57.77136000000004,30.704189999999965,48.61016999999996,34.781030000000044
30.125,25.452220000000032,21.149680000000075,57.78121000000004,30.705279999999966,48.61616999999996,34.78324000000004
30.167969000001904,25.45236000000003,21.149840000000076,57.79100000000004,30.706349999999965,48.62211999999996,34.78543000000004
30.207030999998096,25.45250000000003,21.149990000000077,57.80072000000004,30.707409999999964,48.62802999999996,34.78760000000004
30.25,25.452640000000027,21.15014000000008,57.81038000000004,30.708459999999963,48.63388999999996,34.789760000000044
30.292969000001904,25.452780000000025,21.15030000000008,57.81998000000004,30.709489999999963,48.63970999999996,34.79190000000004
30.332030999998096,25.452920000000024,21.15045000000008,57.829510000000035,30.710509999999964,48.64547999999996,34.79402000000004
30.375,25.453060000000022,21.150610000000082,57.838980000000035,30.711519999999965,48.651209999999956,34.79613000000004
30.417969000001904,25.45319000000002,21.15075000000008,57.84839000000004,30.712519999999966,48.656889999999954,34.79822000000004
30.457030999998096,25.45332000000002,21.15090000000008,57.85773000000004,30.713499999999964,48.662529999999954,34.80029000000005
30.5,25.453450000000018,21.151050000000083,57.867010000000036,30.714469999999963,48.66811999999995,34.80235000000005
30.542969000001904,25.453580000000017,21.151200000000085,57.876230000000035,30.715429999999962,48.67366999999995,34.80439000000005
30.582030999998096,25.453710000000015,21.151350000000086,57.88538000000003,30.716379999999962,48.67916999999995,34.806420000000045
30.625,25.453840000000014,21.151490000000084,57.894470000000034,30.71731999999996,48.68462999999995,34.808430000000044
30.667969000001904,25.453970000000012,21.151630000000083,57.90350000000004,30.718239999999962,48.69003999999995,34.81042000000004
30.707030999998096,25.45410000000001,21.151780000000084,57.912470000000035,30.719149999999964,48.695409999999946,34.812400000000046
30.75,25.45423000000001,21.151920000000082,57.92137000000003,30.720049999999965,48.70072999999994,34.81436000000004
30.792969000001904,25.45435000000001,21.15206000000008,57.93021000000003,30.720939999999963,48.70600999999994,34.81630000000004
30.832030999998096,25.454470000000008,21.15220000000008,57.93899000000003,30.721819999999962,48.71123999999994,34.81823000000004
30.875,25.454590000000007,21.152330000000077,57.94770000000003,30.72268999999996,48.71642999999994,34.820140000000045
30.917969000001904,25.454710000000006,21.152460000000076,57.956350000000036,30.72354999999996,48.72157999999994,34.822040000000044
30.957030999998096,25.454830000000005,21.152590000000075,57.964940000000034,30.72439999999996,48.72667999999994,34.823920000000044
31.0,25.454950000000004,21.152720000000073,57.973470000000034,30.72522999999996,48.73173999999994,34.825780000000044
31.042969000001904,25.455070000000003,21.152850000000072,57.981930000000034,30.72604999999996,48.73675999999994,34.82763000000004
31.082030999998096,25.45519,21.15298000000007,57.990330000000036,30.726859999999963,48.74172999999994,34.82946000000004
31.125,25.45531,21.15311000000007,57.99867000000003,30.727659999999965,48.74665999999994,34.83128000000004
31.167969000001904,25.45542,21.153240000000068,58.00695000000003,30.728449999999963,48.751549999999945,34.833080000000045
31.207030999998096,25.45553,21.153360000000067,58.01516000000003,30.729229999999962,48.756389999999946,34.83486000000004
31.25,25.45564,21.153490000000065,58.02331000000003,30.72999999999996,48.76118999999995,34.83663000000004
31.292969000001904,25.45575,21.153620000000064,58.03140000000003,30.73075999999996,48.76594999999995,34.83838000000004
31.332030999998096,25.455859999999998,21.153750000000063,58.03943000000003,30.73150999999996,48.770669999999946,34.84012000000004
31.375,25.455969999999997,21.15387000000006,58.04740000000003,30.73224999999996,48.775349999999946,34.84184000000004
31.417969000001904,25.456079999999996,21.15399000000006,58.055310000000034,30.732979999999962,48.779979999999945,34.84355000000004
31.457030999998096,25.456189999999996,21.15411000000006,58.063150000000036,30.733699999999963,48.784569999999945,34.84524000000005
31.5,25.456299999999995,21.15423000000006,58.07093000000003,30.734409999999965,48.78911999999995,34.84692000000005
31.542969000001904,25.456399999999995,21.154350000000058,58.07865000000003,30.735109999999963,48.79362999999995,34.84858000000005
31.582030999998096,25.456499999999995,21.154460000000057,58.08631000000003,30.735799999999962,48.79809999999995,34.850230000000046
31.625,25.456599999999995,21.154580000000056,58.09391000000003,30.73647999999996,48.80252999999995,34.851860000000045
31.667969000001904,25.456699999999994,21.154700000000055,58.10145000000003,30.73715999999996,48.806909999999945,34.85348000000005
31.707030999998096,25.456799999999994,21.154820000000054,58.10893000000003,30.73782999999996,48.811249999999944,34.85508000000005
31.75,25.456899999999994,21.154940000000053,58.11635000000003,30.73848999999996,48.815549999999945,34.85667000000005
31.792969000001904,25.456999999999994,21.155060000000052,58.12371000000003,30.73913999999996,48.81980999999995,34.85824000000005
31.832030999998096,25.457099999999993,21.15517000000005,58.13101000000003,30.73977999999996,48.824029999999944,34.85980000000005
31.875,25.457199999999993,21.15528000000005,58.138250000000035,30.74040999999996,48.82820999999994,34.86134000000005
31.917969000001904,25.457299999999993,21.15539000000005,58.14543000000003,30.741029999999963,48.832359999999944,34.86287000000005
31.957030999998096,25.457389999999993,21.15550000000005,58.15255000000003,30.741639999999965,48.83646999999994,34.864380000000054
32.0,25.457479999999993,21.15560000000005,58.15962000000003,30.742249999999967,48.84053999999994,34.865880000000054
