step,date_serial,day,N_Leach_step,cum_NO3N_leached_kgNha
1,45292.0,0.0,0.0,0.0
2,45292.042969,0.04296900000190362,-0.0018,0.0018
3,45292.082031,0.08203099999809638,-0.00181,0.00361
4,45292.125,0.125,-0.00181,0.0054199999999999995
5,45292.167969,0.16796900000190362,-0.00182,0.00724
6,45292.207031,0.20703099999809638,-0.00182,0.00906
7,45292.25,0.25,-0.00183,0.01089
8,45292.292969,0.2929690000019036,-0.00183,0.01272
9,45292.332031,0.3320309999980964,-0.00184,0.01456
10,45292.375,0.375,-0.00184,0.0164
11,45292.417969,0.4179690000019036,-0.00184,0.018240000000000003
12,45292.457031,0.4570309999980964,-0.00184,0.020080000000000004
13,45292.5,0.5,-0.00184,0.021920000000000005
14,45292.542969,0.5429690000019036,-0.00184,0.023760000000000007
15,45292.582031,0.5820309999980964,-0.00184,0.025600000000000008
16,45292.625,0.625,-0.00184,0.02744000000000001
17,45292.667969,0.6679690000019036,-0.00183,0.02927000000000001
18,45292.707031,0.7070309999980964,-0.00183,0.03110000000000001
19,45292.75,0.75,-0.00182,0.03292000000000001
20,45292.792969,0.7929690000019036,-0.00181,0.03473000000000001
21,45292.832031,0.8320309999980964,-0.0018,0.036530000000000014
22,45292.875,0.875,-2.49922,2.53575
23,45292.917969,0.9179690000019036,-3.21742,5.753170000000001
24,45292.957031,0.9570309999980964,-1.98362,7.736790000000001
25,45293.0,1.0,-1.35985,9.09664
26,45293.042969,1.0429690000019036,-1.00897,10.10561
27,45293.082031,1.0820309999980964,-0.79444,10.90005
28,45293.125,1.125,-0.63725,11.5373
29,45293.167969,1.1679690000019036,-0.54014,12.07744
30,45293.207031,1.2070309999980964,-0.45284,12.53028
31,45293.25,1.25,-0.39095,12.92123
32,45293.292969,1.2929690000019036,-0.3474,13.26863
33,45293.332031,1.3320309999980964,-0.30642,13.57505
34,45293.375,1.375,-0.27199,13.84704
35,45293.417969,1.4179690000019036,-0.24864,14.09568
36,45293.457031,1.4570309999980964,-0.23144,14.327119999999999
37,45293.5,1.5,-0.2142,14.541319999999999
38,45293.542969,1.5429690000019036,-0.19775,14.739069999999998
39,45293.582031,1.5820309999980964,-0.18226,14.921329999999998
40,45293.625,1.625,-0.16793,15.089259999999998
41,45293.667969,1.6679690000019036,-0.15777,15.247029999999997
42,45293.707031,1.7070309999980964,-0.15023,15.397259999999998
43,45293.75,1.75,-0.1426,15.539859999999997
44,45293.792969,1.7929690000019036,-0.13514,15.674999999999997
45,45293.832031,1.8320309999980964,-0.12793,15.802929999999996
46,45293.875,1.875,-0.12099,15.923919999999997
47,45293.917969,1.9179690000019036,-0.11435,16.038269999999997
48,45293.957031,1.9570309999980964,-0.10801,16.146279999999997
49,45294.0,2.0,-0.10203,16.248309999999996
50,45294.042969,2.0429690000019036,-0.09716,16.345469999999995
51,45294.082031,2.0820309999980964,-0.09404,16.439509999999995
52,45294.125,2.125,-0.09093,16.530439999999995
53,45294.167969,2.1679690000019036,-0.08782,16.618259999999996
54,45294.207031,2.2070309999980964,-0.08475,16.703009999999995
55,45294.25,2.25,-0.08173,16.784739999999996
56,45294.292969,2.2929690000019036,-0.07878,16.863519999999994
57,45294.332031,2.3320309999980964,-0.0759,16.939419999999995
58,45294.375,2.375,-0.0731,17.012519999999995
59,45294.417969,2.4179690000019036,-0.07038,17.082899999999995
60,45294.457031,2.4570309999980964,-0.06774,17.150639999999996
61,45294.5,2.5,-0.06517,17.215809999999994
62,45294.542969,2.5429690000019036,-0.06269,17.278499999999994
63,45294.582031,2.5820309999980964,-0.06031,17.338809999999995
64,45294.625,2.625,-0.0581,17.396909999999995
65,45294.667969,2.6679690000019036,-0.05662,17.453529999999994
66,45294.707031,2.7070309999980964,-0.05543,17.508959999999995
67,45294.75,2.75,-0.05421,17.563169999999996
68,45294.792969,2.7929690000019036,-0.053,17.616169999999997
69,45294.832031,2.8320309999980964,-0.05178,17.667949999999998
70,45294.875,2.875,-0.05058,17.718529999999998
71,45294.917969,2.9179690000019036,-0.04939,17.767919999999997
72,45294.957031,2.9570309999980964,-0.04821,17.816129999999998
73,45295.0,3.0,-0.04705,17.863179999999996
74,45295.042969,3.0429690000019036,-0.04591,17.909089999999996
75,45295.082031,3.0820309999980964,-0.04478,17.953869999999995
76,45295.125,3.125,-0.04367,17.997539999999994
77,45295.167969,3.1679690000019036,-0.04259,18.040129999999994
78,45295.207031,3.2070309999980964,-0.04152,18.081649999999993
79,45295.25,3.25,-0.04047,18.122119999999992
80,45295.292969,3.2929690000019036,-0.03944,18.16155999999999
81,45295.332031,3.3320309999980964,-0.03843,18.199989999999993
82,45295.375,3.375,-0.03744,18.237429999999993
83,45295.417969,3.4179690000019036,-0.03647,18.273899999999994
84,45295.457031,3.4570309999980964,-0.03552,18.309419999999996
85,45295.5,3.5,-0.0346,18.344019999999997
86,45295.542969,3.5429690000019036,-0.03371,18.377729999999996
87,45295.582031,3.5820309999980964,-0.03296,18.410689999999995
88,45295.625,3.625,-0.03249,18.443179999999995
89,45295.667969,3.6679690000019036,-0.03203,18.475209999999993
90,45295.707031,3.7070309999980964,-0.03156,18.506769999999992
91,45295.75,3.75,-0.0311,18.53786999999999
92,45295.792969,3.7929690000019036,-0.03063,18.56849999999999
93,45295.832031,3.8320309999980964,-0.03016,18.598659999999988
94,45295.875,3.875,-0.0297,18.628359999999986
95,45295.917969,3.9179690000019036,-0.02924,18.657599999999988
96,45295.957031,3.9570309999980964,-0.02878,18.68637999999999
97,45296.0,4.0,-0.02832,18.71469999999999
98,45296.042969,4.042969000001904,-0.02786,18.74255999999999
99,45296.082031,4.082030999998096,-0.02741,18.76996999999999
100,45296.125,4.125,-0.02697,18.79693999999999
101,45296.167969,4.167969000001904,-0.02652,18.82345999999999
102,45296.207031,4.207030999998096,-0.02609,18.84954999999999
103,45296.25,4.25,-0.02565,18.87519999999999
104,45296.292969,4.292969000001904,-0.02522,18.90041999999999
105,45296.332031,4.332030999998096,-0.0248,18.92521999999999
106,45296.375,4.375,-0.02438,18.94959999999999
107,45296.417969,4.417969000001904,-0.02396,18.97355999999999
108,45296.457031,4.457030999998096,-0.02355,18.99710999999999
109,45296.5,4.5,-0.02314,19.02024999999999
110,45296.542969,4.542969000001904,-0.02274,19.04298999999999
111,45296.582031,4.582030999998096,-0.02234,19.06532999999999
112,45296.625,4.625,-0.02195,19.08727999999999
113,45296.667969,4.667969000001904,-0.02156,19.10883999999999
114,45296.707031,4.707030999998096,-0.02117,19.13000999999999
115,45296.75,4.75,-0.0208,19.150809999999993
116,45296.792969,4.792969000001904,-0.02042,19.171229999999994
117,45296.832031,4.832030999998096,-0.02005,19.191279999999995
118,45296.875,4.875,-0.01969,19.210969999999996
119,45296.917969,4.917969000001904,-0.01934,19.230309999999996
120,45296.957031,4.957030999998096,-0.01899,19.249299999999995
121,45297.0,5.0,-0.01867,19.267969999999995
122,45297.042969,5.042969000001904,-0.01846,19.286429999999996
123,45297.082031,5.082030999998096,-0.01828,19.304709999999996
124,45297.125,5.125,-0.01811,19.322819999999997
125,45297.167969,5.167969000001904,-0.01793,19.340749999999996
126,45297.207031,5.207030999998096,-0.01775,19.358499999999996
127,45297.25,5.25,-0.01757,19.376069999999995
128,45297.292969,5.292969000001904,-0.01739,19.393459999999994
129,45297.332031,5.332030999998096,-0.01721,19.410669999999993
130,45297.375,5.375,-0.01703,19.42769999999999
131,45297.417969,5.417969000001904,-0.01685,19.444549999999992
132,45297.457031,5.457030999998096,-0.01667,19.461219999999994
133,45297.5,5.5,-0.01649,19.477709999999995
134,45297.542969,5.542969000001904,-0.01631,19.494019999999995
135,45297.582031,5.582030999998096,-0.01613,19.510149999999996
136,45297.625,5.625,-0.01595,19.526099999999996
137,45297.667969,5.667969000001904,-0.01578,19.541879999999995
138,45297.707031,5.707030999998096,-0.0156,19.557479999999995
139,45297.75,5.75,-0.01543,19.572909999999993
140,45297.792969,5.792969000001904,-0.01525,19.588159999999995
141,45297.832031,5.832030999998096,-0.01508,19.603239999999996
142,45297.875,5.875,-0.01491,19.618149999999996
143,45297.917969,5.917969000001904,-0.01474,19.632889999999996
144,45297.957031,5.957030999998096,-0.01457,19.647459999999995
145,45298.0,6.0,-0.0144,19.661859999999994
146,45298.042969,6.042969000001904,-0.01423,19.676089999999995
147,45298.082031,6.082030999998096,-0.01406,19.690149999999996
148,45298.125,6.125,-0.01389,19.704039999999996
149,45298.167969,6.167969000001904,-0.01373,19.717769999999994
150,45298.207031,6.207030999998096,-0.01357,19.731339999999996
151,45298.25,6.25,-0.0134,19.744739999999997
152,45298.292969,6.292969000001904,-0.01324,19.757979999999996
153,45298.332031,6.332030999998096,-0.01308,19.771059999999995
154,45298.375,6.375,-0.01292,19.783979999999996
155,45298.417969,6.417969000001904,-0.01276,19.796739999999996
156,45298.457031,6.457030999998096,-0.0126,19.809339999999995
157,45298.5,6.5,-0.01245,19.821789999999996
158,45298.542969,6.542969000001904,-0.01229,19.834079999999997
159,45298.582031,6.582030999998096,-0.01214,19.846219999999995
160,45298.625,6.625,-0.01198,19.858199999999997
161,45298.667969,6.667969000001904,-0.01183,19.870029999999996
162,45298.707031,6.707030999998096,-0.01168,19.881709999999995
163,45298.75,6.75,-0.01153,19.893239999999995
164,45298.792969,6.792969000001904,-0.01138,19.904619999999994
165,45298.832031,6.832030999998096,-0.01124,19.915859999999995
166,45298.875,6.875,-0.01109,19.926949999999994
167,45298.917969,6.917969000001904,-0.01095,19.937899999999996
168,45298.957031,6.957030999998096,-0.01081,19.948709999999995
169,45299.0,7.0,-0.01067,19.959379999999996
170,45299.042969,7.042969000001904,-0.01053,19.969909999999995
171,45299.082031,7.082030999998096,-0.01039,19.980299999999996
172,45299.125,7.125,-0.01028,19.990579999999998
173,45299.167969,7.167969000001904,-0.01022,20.000799999999998
174,45299.207031,7.207030999998096,-0.01015,20.010949999999998
175,45299.25,7.25,-0.01008,20.021029999999996
176,45299.292969,7.292969000001904,-0.01001,20.031039999999997
177,45299.332031,7.332030999998096,-0.00994,20.040979999999998
178,45299.375,7.375,-0.00986,20.050839999999997
179,45299.417969,7.417969000001904,-0.00979,20.060629999999996
180,45299.457031,7.457030999998096,-0.00972,20.070349999999998
181,45299.5,7.5,-0.00965,20.08
182,45299.542969,7.542969000001904,-0.00958,20.089579999999998
183,45299.582031,7.582030999998096,-0.00951,20.099089999999997
184,45299.625,7.625,-0.00944,20.10853
185,45299.667969,7.667969000001904,-0.00937,20.1179
186,45299.707031,7.707030999998096,-0.00929,20.12719
187,45299.75,7.75,-0.00922,20.136409999999998
188,45299.792969,7.792969000001904,-0.00915,20.14556
189,45299.832031,7.832030999998096,-0.00908,20.15464
190,45299.875,7.875,-0.00901,20.16365
191,45299.917969,7.917969000001904,-0.00894,20.17259
192,45299.957031,7.957030999998096,-0.00887,20.18146
193,45300.0,8.0,-0.0088,20.190260000000002
194,45300.042969,8.042969000001904,-0.00873,20.198990000000002
195,45300.082031,8.082030999998096,-0.00866,20.20765
196,45300.125,8.125,-0.00859,20.216240000000003
197,45300.167969,8.167969000001904,-0.00852,20.224760000000003
198,45300.207031,8.207030999998096,-0.00845,20.233210000000003
199,45300.25,8.25,-0.00838,20.241590000000002
200,45300.292969,8.292969000001904,-0.00831,20.249900000000004
201,45300.332031,8.332030999998096,-0.00824,20.258140000000004
202,45300.375,8.375,-0.00817,20.266310000000004
203,45300.417969,8.417969000001904,-0.0081,20.274410000000003
204,45300.457031,8.457030999998096,-0.00804,20.282450000000004
205,45300.5,8.5,-0.00797,20.290420000000005
206,45300.542969,8.542969000001904,-0.0079,20.298320000000004
207,45300.582031,8.582030999998096,-0.00783,20.306150000000002
208,45300.625,8.625,-0.00777,20.313920000000003
209,45300.667969,8.667969000001904,-0.0077,20.321620000000003
210,45300.707031,8.707030999998096,-0.00763,20.329250000000002
211,45300.75,8.75,-0.00756,20.336810000000003
212,45300.792969,8.792969000001904,-0.00749,20.344300000000004
213,45300.832031,8.832030999998096,-0.66707,21.011370000000003
214,45300.875,8.875,-2.69976,23.711130000000004
215,45300.917969,8.917969000001904,-1.20866,24.919790000000006
216,45300.957031,8.957030999998096,-0.6754,25.595190000000006
217,45301.0,9.0,-0.44368,26.038870000000006
218,45301.042969,9.042969000001904,-0.31935,26.358220000000006
219,45301.082031,9.082030999998096,-0.24372,26.601940000000006
220,45301.125,9.125,-0.19355,26.795490000000004
221,45301.167969,9.167969000001904,-0.15743,26.952920000000006
222,45301.207031,9.207030999998096,-0.13208,27.085000000000004
223,45301.25,9.25,-0.10938,27.194380000000006
224,45301.292969,9.292969000001904,-0.09506,27.289440000000006
225,45301.332031,9.332030999998096,-0.0824,27.371840000000006
226,45301.375,9.375,-0.07166,27.443500000000007
227,45301.417969,9.417969000001904,-0.06547,27.50897000000001
228,45301.457031,9.457030999998096,-0.06169,27.570660000000007
229,45301.5,9.5,-0.05791,27.628570000000007
230,45301.542969,9.542969000001904,-0.05404,27.682610000000007
231,45301.582031,9.582030999998096,-0.05023,27.732840000000007
232,45301.625,9.625,-0.04657,27.779410000000006
233,45301.667969,9.667969000001904,-0.04348,27.822890000000005
234,45301.707031,9.707030999998096,-0.04151,27.864400000000003
235,45301.75,9.75,-0.03961,27.904010000000003
236,45301.792969,9.792969000001904,-0.0377,27.941710000000004
237,45301.832031,9.832030999998096,-0.03581,27.977520000000005
238,45301.875,9.875,-0.03397,28.011490000000006
239,45301.917969,9.917969000001904,-0.03219,28.043680000000005
240,45301.957031,9.957030999998096,-0.03047,28.074150000000007
241,45302.0,10.0,-0.02883,28.102980000000006
242,45302.042969,10.042969000001904,-0.02734,28.130320000000005
243,45302.082031,10.082030999998096,-0.02637,28.156690000000005
244,45302.125,10.125,-0.02555,28.182240000000004
245,45302.167969,10.167969000001904,-0.02472,28.206960000000002
246,45302.207031,10.207030999998096,-0.02389,28.230850000000004
247,45302.25,10.25,-0.02307,28.253920000000004
248,45302.292969,10.292969000001904,-0.02226,28.276180000000004
249,45302.332031,10.332030999998096,-0.02147,28.297650000000004
250,45302.375,10.375,-0.02069,28.318340000000003
251,45302.417969,10.417969000001904,-0.01994,28.33828
252,45302.457031,10.457030999998096,-0.0192,28.357480000000002
253,45302.5,10.5,-0.01849,28.375970000000002
254,45302.542969,10.542969000001904,-0.0178,28.393770000000004
255,45302.582031,10.582030999998096,-0.01713,28.410900000000005
256,45302.625,10.625,-0.01649,28.427390000000006
257,45302.667969,10.667969000001904,-0.01597,28.443360000000006
258,45302.707031,10.707030999998096,-0.01565,28.459010000000006
259,45302.75,10.75,-0.01531,28.474320000000006
260,45302.792969,10.792969000001904,-0.01498,28.489300000000007
261,45302.832031,10.832030999998096,-0.01464,28.503940000000007
262,45302.875,10.875,-0.01431,28.518250000000005
263,45302.917969,10.917969000001904,-0.01398,28.532230000000006
264,45302.957031,10.957030999998096,-0.01365,28.545880000000004
265,45303.0,11.0,-0.01333,28.559210000000004
266,45303.042969,11.042969000001904,-0.01301,28.572220000000005
267,45303.082031,11.082030999998096,-0.01269,28.584910000000004
268,45303.125,11.125,-0.01238,28.597290000000005
269,45303.167969,11.167969000001904,-0.01208,28.609370000000006
270,45303.207031,11.207030999998096,-0.01178,28.621150000000007
271,45303.25,11.25,-0.01149,28.632640000000006
272,45303.292969,11.292969000001904,-0.0112,28.643840000000004
273,45303.332031,11.332030999998096,-0.01091,28.654750000000003
274,45303.375,11.375,-0.01063,28.665380000000003
275,45303.417969,11.417969000001904,-0.01036,28.67574
276,45303.457031,11.457030999998096,-0.01009,28.685830000000003
277,45303.5,11.5,-0.00983,28.695660000000004
278,45303.542969,11.542969000001904,-0.00958,28.705240000000003
279,45303.582031,11.582030999998096,-0.00935,28.714590000000005
280,45303.625,11.625,-0.00919,28.723780000000005
281,45303.667969,11.667969000001904,-0.00906,28.732840000000007
282,45303.707031,11.707030999998096,-0.00894,28.741780000000006
283,45303.75,11.75,-0.00881,28.750590000000006
284,45303.792969,11.792969000001904,-0.00868,28.759270000000004
285,45303.832031,11.832030999998096,-0.00855,28.767820000000004
286,45303.875,11.875,-0.00842,28.776240000000005
287,45303.917969,11.917969000001904,-0.00829,28.784530000000004
288,45303.957031,11.957030999998096,-0.00816,28.792690000000004
289,45304.0,12.0,-0.00803,28.800720000000005
290,45304.042969,12.042969000001904,-0.00791,28.808630000000004
291,45304.082031,12.082030999998096,-0.00778,28.816410000000005
292,45304.125,12.125,-0.00766,28.824070000000006
293,45304.167969,12.167969000001904,-0.00753,28.831600000000005
294,45304.207031,12.207030999998096,-0.00741,28.839010000000005
295,45304.25,12.25,-0.00729,28.846300000000006
296,45304.292969,12.292969000001904,-0.00717,28.853470000000005
297,45304.332031,12.332030999998096,-0.00705,28.860520000000005
298,45304.375,12.375,-0.00693,28.867450000000005
299,45304.417969,12.417969000001904,-0.00682,28.874270000000006
300,45304.457031,12.457030999998096,-0.0067,28.880970000000005
301,45304.5,12.5,-0.00659,28.887560000000004
302,45304.542969,12.542969000001904,-0.00647,28.894030000000004
303,45304.582031,12.582030999998096,-0.00636,28.900390000000005
304,45304.625,12.625,-0.00625,28.906640000000007
305,45304.667969,12.667969000001904,-0.00614,28.912780000000005
306,45304.707031,12.707030999998096,-0.00604,28.918820000000004
307,45304.75,12.75,-0.00593,28.924750000000003
308,45304.792969,12.792969000001904,-0.00582,28.930570000000003
309,45304.832031,12.832030999998096,-0.00572,28.936290000000003
310,45304.875,12.875,-0.00562,28.941910000000004
311,45304.917969,12.917969000001904,-0.00552,28.947430000000004
312,45304.957031,12.957030999998096,-0.00542,28.952850000000005
313,45305.0,13.0,-0.00533,28.958180000000006
314,45305.042969,13.042969000001904,-0.00525,28.963430000000006
315,45305.082031,13.082030999998096,-0.0052,28.968630000000005
316,45305.125,13.125,-0.00516,28.973790000000005
317,45305.167969,13.167969000001904,-0.00511,28.978900000000003
318,45305.207031,13.207030999998096,-0.00506,28.983960000000003
319,45305.25,13.25,-0.00501,28.988970000000002
320,45305.292969,13.292969000001904,-0.00496,28.993930000000002
321,45305.332031,13.332030999998096,-0.00491,28.99884
322,45305.375,13.375,-0.00486,29.003700000000002
323,45305.417969,13.417969000001904,-0.00481,29.00851
324,45305.457031,13.457030999998096,-0.00476,29.013270000000002
325,45305.5,13.5,-0.00471,29.01798
326,45305.542969,13.542969000001904,-0.00466,29.022640000000003
327,45305.582031,13.582030999998096,-0.00461,29.027250000000002
328,45305.625,13.625,-0.00456,29.031810000000004
329,45305.667969,13.667969000001904,-0.00451,29.036320000000003
330,45305.707031,13.707030999998096,-0.00446,29.040780000000005
331,45305.75,13.75,-0.00442,29.045200000000005
332,45305.792969,13.792969000001904,-0.00437,29.049570000000006
333,45305.832031,13.832030999998096,-0.00432,29.053890000000006
334,45305.875,13.875,-0.00427,29.058160000000008
335,45305.917969,13.917969000001904,-0.00422,29.062380000000008
336,45305.957031,13.957030999998096,-0.00418,29.06656000000001
337,45306.0,14.0,-0.00413,29.07069000000001
338,45306.042969,14.042969000001904,-0.00408,29.074770000000008
339,45306.082031,14.082030999998096,-0.00404,29.078810000000008
340,45306.125,14.125,-0.00399,29.08280000000001
341,45306.167969,14.167969000001904,-0.00394,29.08674000000001
342,45306.207031,14.207030999998096,-0.0039,29.09064000000001
343,45306.25,14.25,-0.00385,29.09449000000001
344,45306.292969,14.292969000001904,-0.00381,29.098300000000012
345,45306.332031,14.332030999998096,-0.00376,29.102060000000012
346,45306.375,14.375,-0.00372,29.105780000000014
347,45306.417969,14.417969000001904,-0.00367,29.109450000000013
348,45306.457031,14.457030999998096,-0.00363,29.113080000000014
349,45306.5,14.5,-0.00358,29.116660000000014
350,45306.542969,14.542969000001904,-0.00354,29.120200000000015
351,45306.582031,14.582030999998096,-0.0035,29.123700000000014
352,45306.625,14.625,-0.00346,29.127160000000014
353,45306.667969,14.667969000001904,-0.00341,29.130570000000013
354,45306.707031,14.707030999998096,-0.00337,29.133940000000013
355,45306.75,14.75,-0.00333,29.13727000000001
356,45306.792969,14.792969000001904,-0.00329,29.14056000000001
357,45306.832031,14.832030999998096,-0.00325,29.143810000000013
358,45306.875,14.875,-0.0032,29.147010000000012
359,45306.917969,14.917969000001904,-0.00316,29.150170000000013
360,45306.957031,14.957030999998096,-0.00312,29.153290000000013
361,45307.0,15.0,-0.00308,29.156370000000013
362,45307.042969,15.042969000001904,-0.00305,29.159420000000015
363,45307.082031,15.082030999998096,-0.00301,29.162430000000015
364,45307.125,15.125,-0.00297,29.165400000000016
365,45307.167969,15.167969000001904,-0.00295,29.168350000000014
366,45307.207031,15.207030999998096,-0.00293,29.171280000000014
367,45307.25,15.25,-0.00291,29.174190000000014
368,45307.292969,15.292969000001904,-0.00289,29.177080000000014
369,45307.332031,15.332030999998096,-0.00287,29.179950000000016
370,45307.375,15.375,-0.00285,29.182800000000015
371,45307.417969,15.417969000001904,-0.00283,29.185630000000014
372,45307.457031,15.457030999998096,-0.00282,29.188450000000014
373,45307.5,15.5,-0.0028,29.191250000000014
374,45307.542969,15.542969000001904,-0.00278,29.194030000000016
375,45307.582031,15.582030999998096,-0.00276,29.196790000000014
376,45307.625,15.625,-0.00274,29.199530000000014
377,45307.667969,15.667969000001904,-0.00272,29.202250000000014
378,45307.707031,15.707030999998096,-0.0027,29.204950000000014
379,45307.75,15.75,-0.00268,29.207630000000016
380,45307.792969,15.792969000001904,-0.00266,29.210290000000015
381,45307.832031,15.832030999998096,-0.00264,29.212930000000014
382,45307.875,15.875,-0.00262,29.215550000000015
383,45307.917969,15.917969000001904,-0.0026,29.218150000000016
384,45307.957031,15.957030999998096,-0.00258,29.220730000000014
385,45308.0,16.0,-0.00256,29.223290000000013
386,45308.042969,16.042969000001904,-0.00254,29.225830000000013
387,45308.082031,16.082030999998096,-0.00252,29.228350000000013
388,45308.125,16.125,-0.0025,29.230850000000014
389,45308.167969,16.167969000001904,-0.00248,29.233330000000013
390,45308.207031,16.207030999998096,-0.00246,29.235790000000012
391,45308.25,16.25,-0.00244,29.238230000000012
392,45308.292969,16.292969000001904,-0.00242,29.240650000000013
393,45308.332031,16.332030999998096,-0.0024,29.243050000000014
394,45308.375,16.375,-0.00239,29.245440000000013
395,45308.417969,16.417969000001904,-0.00237,29.247810000000012
396,45308.457031,16.457030999998096,-0.00235,29.25016000000001
397,45308.5,16.5,-0.00233,29.252490000000012
398,45308.542969,16.542969000001904,-0.00231,29.254800000000014
399,45308.582031,16.582030999998096,-0.00229,29.257090000000012
400,45308.625,16.625,-0.00227,29.25936000000001
401,45308.667969,16.667969000001904,-0.00225,29.26161000000001
402,45308.707031,16.707030999998096,-0.00223,29.263840000000013
403,45308.75,16.75,-0.00222,29.266060000000014
404,45308.792969,16.792969000001904,-0.0022,29.268260000000012
405,45308.832031,16.832030999998096,-0.00218,29.27044000000001
406,45308.875,16.875,-0.00216,29.27260000000001
407,45308.917969,16.917969000001904,-0.00214,29.274740000000012
408,45308.957031,16.957030999998096,-0.00212,29.276860000000013
409,45309.0,17.0,-0.0021,29.278960000000012
410,45309.042969,17.042969000001904,-0.00209,29.28105000000001
411,45309.082031,17.082030999998096,-0.00207,29.28312000000001
412,45309.125,17.125,-0.00205,29.28517000000001
413,45309.167969,17.167969000001904,-0.00203,29.287200000000013
414,45309.207031,17.207030999998096,-0.00201,29.28921000000001
415,45309.25,17.25,-0.002,29.29121000000001
416,45309.292969,17.292969000001904,-0.00198,29.29319000000001
417,45309.332031,17.332030999998096,-0.00196,29.29515000000001
418,45309.375,17.375,-0.00194,29.29709000000001
419,45309.417969,17.417969000001904,-0.00192,29.29901000000001
420,45309.457031,17.457030999998096,-0.00191,29.30092000000001
421,45309.5,17.5,-0.00189,29.302810000000008
422,45309.542969,17.542969000001904,-0.00187,29.30468000000001
423,45309.582031,17.582030999998096,-0.00185,29.30653000000001
424,45309.625,17.625,-0.00184,29.30837000000001
425,45309.667969,17.667969000001904,-0.00182,29.31019000000001
426,45309.707031,17.707030999998096,-0.0018,29.31199000000001
427,45309.75,17.75,-0.00179,29.31378000000001
428,45309.792969,17.792969000001904,-0.00177,29.31555000000001
429,45309.832031,17.832030999998096,-0.00175,29.31730000000001
430,45309.875,17.875,-0.00174,29.31904000000001
431,45309.917969,17.917969000001904,-0.00172,29.32076000000001
432,45309.957031,17.957030999998096,-0.0017,29.32246000000001
433,45310.0,18.0,-0.00169,29.32415000000001
434,45310.042969,18.042969000001904,-0.00167,29.32582000000001
435,45310.082031,18.082030999998096,-0.00166,29.327480000000012
436,45310.125,18.125,-0.00165,29.329130000000013
437,45310.167969,18.167969000001904,-0.00165,29.330780000000015
438,45310.207031,18.207030999998096,-0.00164,29.332420000000013
439,45310.25,18.25,-0.00163,29.334050000000012
440,45310.292969,18.292969000001904,-0.00162,29.33567000000001
441,45310.332031,18.332030999998096,-0.00161,29.33728000000001
442,45310.375,18.375,-0.00161,29.33889000000001
443,45310.417969,18.417969000001904,-0.0016,29.34049000000001
444,45310.457031,18.457030999998096,-0.00159,29.34208000000001
445,45310.5,18.5,-0.00158,29.34366000000001
446,45310.542969,18.542969000001904,-0.00157,29.34523000000001
447,45310.582031,18.582030999998096,-0.00157,29.346800000000012
448,45310.625,18.625,-0.00156,29.348360000000014
449,45310.667969,18.667969000001904,-0.00155,29.349910000000015
450,45310.707031,18.707030999998096,-0.00154,29.351450000000014
451,45310.75,18.75,-0.00153,29.352980000000013
452,45310.792969,18.792969000001904,-0.00152,29.354500000000012
453,45310.832031,18.832030999998096,-0.00152,29.35602000000001
454,45310.875,18.875,-0.00151,29.35753000000001
455,45310.917969,18.917969000001904,-0.0015,29.35903000000001
456,45310.957031,18.957030999998096,-0.00149,29.36052000000001
457,45311.0,19.0,-0.00148,29.362000000000013
458,45311.042969,19.042969000001904,-0.00147,29.363470000000014
459,45311.082031,19.082030999998096,-0.00147,29.364940000000015
460,45311.125,19.125,-0.00146,29.366400000000016
461,45311.167969,19.167969000001904,-0.00145,29.367850000000015
462,45311.207031,19.207030999998096,-0.00144,29.369290000000014
463,45311.25,19.25,-0.00143,29.370720000000013
464,45311.292969,19.292969000001904,-0.00143,29.372150000000012
465,45311.332031,19.332030999998096,-0.00142,29.37357000000001
466,45311.375,19.375,-0.00141,29.37498000000001
467,45311.417969,19.417969000001904,-0.0014,29.37638000000001
468,45311.457031,19.457030999998096,-0.00139,29.377770000000012
469,45311.5,19.5,-0.00138,29.379150000000013
470,45311.542969,19.542969000001904,-0.00138,29.380530000000014
471,45311.582031,19.582030999998096,-0.00137,29.381900000000016
472,45311.625,19.625,-0.00136,29.383260000000014
473,45311.667969,19.667969000001904,-0.00135,29.384610000000013
474,45311.707031,19.707030999998096,-0.00134,29.385950000000012
475,45311.75,19.75,-0.00133,29.38728000000001
476,45311.792969,19.792969000001904,-0.00133,29.38861000000001
477,45311.832031,19.832030999998096,-0.00132,29.38993000000001
478,45311.875,19.875,-0.00131,29.39124000000001
479,45311.917969,19.917969000001904,-0.0013,29.39254000000001
480,45311.957031,19.957030999998096,-0.00129,29.393830000000012
481,45312.0,20.0,-0.00129,29.395120000000013
482,45312.042969,20.042969000001904,-0.00128,29.396400000000014
483,45312.082031,20.082030999998096,-0.00127,29.397670000000016
484,45312.125,20.125,-0.00126,29.398930000000014
485,45312.167969,20.167969000001904,-0.00125,29.400180000000013
486,45312.207031,20.207030999998096,-0.00124,29.401420000000012
487,45312.25,20.25,-0.00124,29.40266000000001
488,45312.292969,20.292969000001904,-0.00123,29.40389000000001
489,45312.332031,20.332030999998096,-0.00122,29.40511000000001
490,45312.375,20.375,-0.00121,29.40632000000001
491,45312.417969,20.417969000001904,-0.0012,29.407520000000012
492,45312.457031,20.457030999998096,-0.0012,29.408720000000013
493,45312.5,20.5,-0.00119,29.409910000000014
494,45312.542969,20.542969000001904,-0.00118,29.411090000000016
495,45312.582031,20.582030999998096,-0.00117,29.412260000000014
496,45312.625,20.625,-0.00116,29.413420000000013
497,45312.667969,20.667969000001904,-0.00116,29.41458000000001
498,45312.707031,20.707030999998096,-0.00115,29.41573000000001
499,45312.75,20.75,-0.00114,29.41687000000001
500,45312.792969,20.792969000001904,-0.00113,29.41800000000001
501,45312.832031,20.832030999998096,-0.00112,29.41912000000001
502,45312.875,20.875,-0.00112,29.42024000000001
503,45312.917969,20.917969000001904,-0.00111,29.42135000000001
504,45312.957031,20.957030999998096,-0.0011,29.422450000000012
505,45313.0,21.0,-0.00109,29.423540000000013
506,45313.042969,21.042969000001904,-0.00108,29.424620000000015
507,45313.082031,21.082030999998096,-0.00108,29.425700000000017
508,45313.125,21.125,-0.00107,29.426770000000015
509,45313.167969,21.167969000001904,-0.00106,29.427830000000014
510,45313.207031,21.207030999998096,-0.00105,29.428880000000014
511,45313.25,21.25,-0.00105,29.429930000000013
512,45313.292969,21.292969000001904,-0.00104,29.430970000000013
513,45313.332031,21.332030999998096,-0.00103,29.432000000000013
514,45313.375,21.375,-0.00102,29.433020000000013
515,45313.417969,21.417969000001904,-0.00101,29.434030000000014
516,45313.457031,21.457030999998096,-0.00101,29.435040000000015
517,45313.5,21.5,-0.001,29.436040000000016
518,45313.542969,21.542969000001904,-0.00099,29.437030000000018
519,45313.582031,21.582030999998096,-0.00098,29.438010000000016
520,45313.625,21.625,-0.00098,29.438990000000015
521,45313.667969,21.667969000001904,-0.00097,29.439960000000013
522,45313.707031,21.707030999998096,-0.00096,29.440920000000013
523,45313.75,21.75,-0.00095,29.441870000000012
524,45313.792969,21.792969000001904,-0.00095,29.44282000000001
525,45313.832031,21.832030999998096,-0.00094,29.44376000000001
526,45313.875,21.875,-0.00094,29.44470000000001
527,45313.917969,21.917969000001904,-0.00093,29.445630000000012
528,45313.957031,21.957030999998096,-0.00093,29.446560000000012
529,45314.0,22.0,-0.00093,29.447490000000013
530,45314.042969,22.042969000001904,-0.00092,29.448410000000013
531,45314.082031,22.082030999998096,-0.00092,29.449330000000014
532,45314.125,22.125,-0.00092,29.450250000000015
533,45314.167969,22.167969000001904,-0.00091,29.451160000000016
534,45314.207031,22.207030999998096,-0.00091,29.452070000000017
535,45314.25,22.25,-0.00091,29.452980000000018
536,45314.292969,22.292969000001904,-0.0009,29.45388000000002
537,45314.332031,22.332030999998096,-0.0009,29.45478000000002
538,45314.375,22.375,-0.00089,29.45567000000002
539,45314.417969,22.417969000001904,-0.00089,29.456560000000017
540,45314.457031,22.457030999998096,-0.00089,29.457450000000016
541,45314.5,22.5,-0.00088,29.458330000000014
542,45314.542969,22.542969000001904,-0.00088,29.459210000000013
543,45314.582031,22.582030999998096,-0.00088,29.46009000000001
544,45314.625,22.625,-0.00087,29.46096000000001
545,45314.667969,22.667969000001904,-0.00087,29.46183000000001
546,45314.707031,22.707030999998096,-0.00086,29.46269000000001
547,45314.75,22.75,-0.00086,29.46355000000001
548,45314.792969,22.792969000001904,-0.00086,29.464410000000008
549,45314.832031,22.832030999998096,-0.03648,29.50089000000001
550,45314.875,22.875,-1.36735,30.868240000000007
551,45314.917969,22.917969000001904,-0.7075,31.575740000000007
552,45314.957031,22.957030999998096,-0.43591,32.01165000000001
553,45315.0,23.0,-0.29886,32.31051000000001
554,45315.042969,23.042969000001904,-0.22228,32.532790000000006
555,45315.082031,23.082030999998096,-0.17202,32.70481000000001
556,45315.125,23.125,-0.13814,32.84295000000001
557,45315.167969,23.167969000001904,-0.11405,32.95700000000001
558,45315.207031,23.207030999998096,-0.0948,33.05180000000001
559,45315.25,23.25,-0.07942,33.131220000000006
560,45315.292969,23.292969000001904,-0.06906,33.20028000000001
561,45315.332031,23.332030999998096,-0.05961,33.259890000000006
562,45315.375,23.375,-0.0534,33.31329000000001
563,45315.417969,23.417969000001904,-0.04952,33.36281000000001
564,45315.457031,23.457030999998096,-0.04713,33.40994000000001
565,45315.5,23.5,-0.04448,33.45442000000001
566,45315.542969,23.542969000001904,-0.04173,33.496150000000014
567,45315.582031,23.582030999998096,-0.03898,33.53513000000002
568,45315.625,23.625,-0.0363,33.571430000000014
569,45315.667969,23.667969000001904,-0.03417,33.60560000000002
570,45315.707031,23.707030999998096,-0.03282,33.63842000000002
571,45315.75,23.75,-0.03141,33.66983000000002
572,45315.792969,23.792969000001904,-0.02999,33.69982000000002
573,45315.832031,23.832030999998096,-0.02857,33.72839000000002
574,45315.875,23.875,-0.02718,33.75557000000002
575,45315.917969,23.917969000001904,-0.02582,33.78139000000002
576,45315.957031,23.957030999998096,-0.0245,33.805890000000026
577,45316.0,24.0,-0.02324,33.82913000000003
578,45316.042969,24.042969000001904,-0.02213,33.851260000000025
579,45316.082031,24.082030999998096,-0.02144,33.87270000000002
580,45316.125,24.125,-0.02081,33.89351000000002
581,45316.167969,24.167969000001904,-0.02017,33.91368000000002
582,45316.207031,24.207030999998096,-0.01952,33.93320000000002
583,45316.25,24.25,-0.01888,33.952080000000024
584,45316.292969,24.292969000001904,-0.01825,33.970330000000025
585,45316.332031,24.332030999998096,-0.01763,33.98796000000002
586,45316.375,24.375,-0.01702,34.004980000000025
587,45316.417969,24.417969000001904,-0.01642,34.02140000000002
588,45316.457031,24.457030999998096,-0.01584,34.03724000000002
589,45316.5,24.5,-0.01527,34.05251000000002
590,45316.542969,24.542969000001904,-0.01472,34.067230000000016
591,45316.582031,24.582030999998096,-0.01418,34.08141000000002
592,45316.625,24.625,-0.01367,34.09508000000002
593,45316.667969,24.667969000001904,-0.0133,34.10838000000002
594,45316.707031,24.707030999998096,-0.01304,34.121420000000015
595,45316.75,24.75,-0.01277,34.13419000000002
596,45316.792969,24.792969000001904,-0.01251,34.14670000000002
597,45316.832031,24.832030999998096,-0.01224,34.158940000000015
598,45316.875,24.875,-0.01197,34.17091000000001
599,45316.917969,24.917969000001904,-0.01171,34.182620000000014
600,45316.957031,24.957030999998096,-0.01144,34.194060000000015
601,45317.0,25.0,-0.01118,34.20524000000002
602,45317.042969,25.042969000001904,-0.01092,34.216160000000016
603,45317.082031,25.082030999998096,-0.01067,34.226830000000014
604,45317.125,25.125,-0.01042,34.23725000000002
605,45317.167969,25.167969000001904,-0.01017,34.24742000000002
606,45317.207031,25.207030999998096,-0.00992,34.25734000000002
607,45317.25,25.25,-0.00968,34.267020000000024
608,45317.292969,25.292969000001904,-0.00945,34.276470000000025
609,45317.332031,25.332030999998096,-0.00922,34.285690000000024
610,45317.375,25.375,-0.00899,34.29468000000002
611,45317.417969,25.417969000001904,-0.00876,34.30344000000002
612,45317.457031,25.457030999998096,-0.00854,34.31198000000003
613,45317.5,25.5,-0.00833,34.32031000000003
614,45317.542969,25.542969000001904,-0.00812,34.328430000000026
615,45317.582031,25.582030999998096,-0.00793,34.33636000000003
616,45317.625,25.625,-0.00781,34.34417000000003
617,45317.667969,25.667969000001904,-0.00771,34.35188000000003
618,45317.707031,25.707030999998096,-0.00761,34.35949000000003
619,45317.75,25.75,-0.0075,34.36699000000003
620,45317.792969,25.792969000001904,-0.0074,34.37439000000003
621,45317.832031,25.832030999998096,-0.00729,34.381680000000024
622,45317.875,25.875,-0.00718,34.38886000000002
623,45317.917969,25.917969000001904,-0.00708,34.395940000000024
624,45317.957031,25.957030999998096,-0.00697,34.40291000000003
625,45318.0,26.0,-0.00687,34.409780000000026
626,45318.042969,26.042969000001904,-0.00676,34.416540000000026
627,45318.082031,26.082030999998096,-0.00666,34.42320000000002
628,45318.125,26.125,-0.00655,34.42975000000002
629,45318.167969,26.167969000001904,-0.00645,34.43620000000002
630,45318.207031,26.207030999998096,-0.00635,34.44255000000002
631,45318.25,26.25,-0.00625,34.44880000000002
632,45318.292969,26.292969000001904,-0.00615,34.45495000000002
633,45318.332031,26.332030999998096,-0.00605,34.46100000000002
634,45318.375,26.375,-0.00595,34.46695000000002
635,45318.417969,26.417969000001904,-0.00585,34.47280000000002
636,45318.457031,26.457030999998096,-0.00576,34.47856000000002
637,45318.5,26.5,-0.00566,34.48422000000002
638,45318.542969,26.542969000001904,-0.00557,34.48979000000002
639,45318.582031,26.582030999998096,-0.00547,34.49526000000002
640,45318.625,26.625,-0.00538,34.500640000000026
641,45318.667969,26.667969000001904,-0.00529,34.50593000000003
642,45318.707031,26.707030999998096,-0.0052,34.51113000000003
643,45318.75,26.75,-0.00511,34.51624000000003
644,45318.792969,26.792969000001904,-0.00502,34.521260000000034
645,45318.832031,26.832030999998096,-0.00493,34.526190000000035
646,45318.875,26.875,-0.00485,34.53104000000003
647,45318.917969,26.917969000001904,-0.00476,34.53580000000003
648,45318.957031,26.957030999998096,-0.00468,34.54048000000003
649,45319.0,27.0,-0.0046,34.545080000000034
650,45319.042969,27.042969000001904,-0.00455,34.549630000000036
651,45319.082031,27.082030999998096,-0.00451,34.55414000000004
652,45319.125,27.125,-0.00447,34.55861000000004
653,45319.167969,27.167969000001904,-0.00442,34.56303000000004
654,45319.207031,27.207030999998096,-0.00438,34.56741000000004
655,45319.25,27.25,-0.00434,34.57175000000004
656,45319.292969,27.292969000001904,-0.0043,34.57605000000004
657,45319.332031,27.332030999998096,-0.00426,34.58031000000004
658,45319.375,27.375,-0.00422,34.584530000000036
659,45319.417969,27.417969000001904,-0.00417,34.58870000000004
660,45319.457031,27.457030999998096,-0.00413,34.59283000000004
661,45319.5,27.5,-0.00409,34.59692000000004
662,45319.542969,27.542969000001904,-0.00405,34.60097000000004
663,45319.582031,27.582030999998096,-0.00401,34.60498000000004
664,45319.625,27.625,-0.00397,34.60895000000004
665,45319.667969,27.667969000001904,-0.00392,34.61287000000004
666,45319.707031,27.707030999998096,-0.00388,34.616750000000046
667,45319.75,27.75,-0.00384,34.62059000000004
668,45319.792969,27.792969000001904,-0.0038,34.62439000000004
669,45319.832031,27.832030999998096,-0.00376,34.62815000000004
670,45319.875,27.875,-0.00372,34.63187000000004
671,45319.917969,27.917969000001904,-0.00368,34.635550000000045
672,45319.957031,27.957030999998096,-0.00364,34.63919000000004
673,45320.0,28.0,-0.0036,34.64279000000004
674,45320.042969,28.042969000001904,-0.00356,34.64635000000004
675,45320.082031,28.082030999998096,-0.00352,34.64987000000004
676,45320.125,28.125,-0.00348,34.653350000000046
677,45320.167969,28.167969000001904,-0.00344,34.65679000000004
678,45320.207031,28.207030999998096,-0.0034,34.66019000000004
679,45320.25,28.25,-0.00336,34.66355000000004
680,45320.292969,28.292969000001904,-0.00332,34.666870000000046
681,45320.332031,28.332030999998096,-0.00329,34.670160000000045
682,45320.375,28.375,-0.00325,34.67341000000005
683,45320.417969,28.417969000001904,-0.00321,34.67662000000005
684,45320.457031,28.457030999998096,-0.00317,34.67979000000005
685,45320.5,28.5,-0.00313,34.682920000000045
686,45320.542969,28.542969000001904,-0.0031,34.68602000000005
687,45320.582031,28.582030999998096,-0.00306,34.68908000000005
688,45320.625,28.625,-0.00302,34.692100000000046
689,45320.667969,28.667969000001904,-0.00299,34.69509000000004
690,45320.707031,28.707030999998096,-0.00295,34.69804000000004
691,45320.75,28.75,-0.00291,34.70095000000004
692,45320.792969,28.792969000001904,-0.00288,34.70383000000004
693,45320.832031,28.832030999998096,-0.00284,34.70667000000004
694,45320.875,28.875,-0.00281,34.709480000000035
695,45320.917969,28.917969000001904,-0.00277,34.71225000000003
696,45320.957031,28.957030999998096,-0.00274,34.714990000000036
697,45321.0,29.0,-0.00271,34.717700000000036
698,45321.042969,29.042969000001904,-0.00267,34.72037000000004
699,45321.082031,29.082030999998096,-0.00264,34.72301000000004
700,45321.125,29.125,-0.00261,34.725620000000035
701,45321.167969,29.167969000001904,-0.00259,34.72821000000003
702,45321.207031,29.207030999998096,-0.00258,34.730790000000034
703,45321.25,29.25,-0.00256,34.73335000000004
704,45321.292969,29.292969000001904,-0.00254,34.73589000000004
705,45321.332031,29.332030999998096,-0.00253,34.73842000000004
706,45321.375,29.375,-0.00251,34.74093000000004
707,45321.417969,29.417969000001904,-0.00249,34.74342000000004
708,45321.457031,29.457030999998096,-0.00248,34.74590000000004
709,45321.5,29.5,-0.00246,34.74836000000004
710,45321.542969,29.542969000001904,-0.00244,34.75080000000004
711,45321.582031,29.582030999998096,-0.00243,34.75323000000004
712,45321.625,29.625,-0.00241,34.755640000000035
713,45321.667969,29.667969000001904,-0.00239,34.75803000000003
714,45321.707031,29.707030999998096,-0.00238,34.760410000000036
715,45321.75,29.75,-0.00236,34.76277000000004
716,45321.792969,29.792969000001904,-0.00234,34.765110000000035
717,45321.832031,29.832030999998096,-0.00233,34.767440000000036
718,45321.875,29.875,-0.00231,34.76975000000004
719,45321.917969,29.917969000001904,-0.00229,34.77204000000004
720,45321.957031,29.957030999998096,-0.00227,34.77431000000004
721,45322.0,30.0,-0.00226,34.77657000000004
722,45322.042969,30.042969000001904,-0.00224,34.77881000000004
723,45322.082031,30.082030999998096,-0.00222,34.781030000000044
724,45322.125,30.125,-0.00221,34.78324000000004
725,45322.167969,30.167969000001904,-0.00219,34.78543000000004
726,45322.207031,30.207030999998096,-0.00217,34.78760000000004
727,45322.25,30.25,-0.00216,34.789760000000044
728,45322.292969,30.292969000001904,-0.00214,34.79190000000004
729,45322.332031,30.332030999998096,-0.00212,34.79402000000004
730,45322.375,30.375,-0.00211,34.79613000000004
731,45322.417969,30.417969000001904,-0.00209,34.79822000000004
732,45322.457031,30.457030999998096,-0.00207,34.80029000000005
733,45322.5,30.5,-0.00206,34.80235000000005
734,45322.542969,30.542969000001904,-0.00204,34.80439000000005
735,45322.582031,30.582030999998096,-0.00203,34.806420000000045
736,45322.625,30.625,-0.00201,34.808430000000044
737,45322.667969,30.667969000001904,-0.00199,34.81042000000004
738,45322.707031,30.707030999998096,-0.00198,34.812400000000046
739,45322.75,30.75,-0.00196,34.81436000000004
740,45322.792969,30.792969000001904,-0.00194,34.81630000000004
741,45322.832031,30.832030999998096,-0.00193,34.81823000000004
742,45322.875,30.875,-0.00191,34.820140000000045
743,45322.917969,30.917969000001904,-0.0019,34.822040000000044
744,45322.957031,30.957030999998096,-0.00188,34.823920000000044
745,45323.0,31.0,-0.00186,34.825780000000044
746,45323.042969,31.042969000001904,-0.00185,34.82763000000004
747,45323.082031,31.082030999998096,-0.00183,34.82946000000004
748,45323.125,31.125,-0.00182,34.83128000000004
749,45323.167969,31.167969000001904,-0.0018,34.833080000000045
750,45323.207031,31.207030999998096,-0.00178,34.83486000000004
751,45323.25,31.25,-0.00177,34.83663000000004
752,45323.292969,31.292969000001904,-0.00175,34.83838000000004
753,45323.332031,31.332030999998096,-0.00174,34.84012000000004
754,45323.375,31.375,-0.00172,34.84184000000004
755,45323.417969,31.417969000001904,-0.00171,34.84355000000004
756,45323.457031,31.457030999998096,-0.00169,34.84524000000005
757,45323.5,31.5,-0.00168,34.84692000000005
758,45323.542969,31.542969000001904,-0.00166,34.84858000000005
759,45323.582031,31.582030999998096,-0.00165,34.850230000000046
760,45323.625,31.625,-0.00163,34.851860000000045
761,45323.667969,31.667969000001904,-0.00162,34.85348000000005
762,45323.707031,31.707030999998096,-0.0016,34.85508000000005
763,45323.75,31.75,-0.00159,34.85667000000005
764,45323.792969,31.792969000001904,-0.00157,34.85824000000005
765,45323.832031,31.832030999998096,-0.00156,34.85980000000005
766,45323.875,31.875,-0.00154,34.86134000000005
767,45323.917969,31.917969000001904,-0.00153,34.86287000000005
768,45323.957031,31.957030999998096,-0.00151,34.864380000000054
769,45324.0,32.0,-0.0015,34.865880000000054
